NZ_CP071982.1:542550-546107,PSB3.fas|142348,94.889,3561,161,7,1,3558,6401,2859,0.0,5548,3558,11107,minus,1,-1,ATGACTAACGAAACTATTGACCAACAACCACAAACCGAAGCGGCTTTTAACCCGCAGCAATTTATCAATAATCTTCAAGTAGCTTTTCTTAAAGTTGATAACGCTGTCGCTTCATACGATCCTGATCAAAAACCAATCGTTGATAAGAACGATAGGGATAACAGGCAAGCTTTTGATGGAATCTCGCAATTAAGGGAAGAATACTCCAATAAAGCGATCAAAAATCCTACCAAAAAGAATCAGTATTTTTCAGACTTTATCAATAAGAGCAATGATTTAATCAACAAAGACGCTCTCATTGATGTGGAATCTTCCACAAAGAGCTTTCAGAAATTTGGGGATCAGCGTTACCAAATTTTCACAAGTTGGGTGTCCCATCAAAACGATCCGTCTAAAATCAACACCCGATCGATCCGAAATTTTATGGAACATACCATACAACCCCCTATCCCTGATGACAAAGAAAAAGCAGAGTTTTTGAAATCTGCCAAACAATCTTTTGCAGGAATCATTATAGGGAATCAAATCCGAACGGATCAAAAGTTCATGGGCGTGTTTGATGAATCTTTGAAAGAAAGGCAAGAAGCAGAAAAAAATGGAGGGTCTACTGGTGGGGATTGGTTGGATATTTTTTTATCATTTATATTTGACAAAAAACAATCTTCTGATGTCAAAGAAGCAATCAATCAAGAACCAGTTCCTCATATCCAACCAGATATAGCCACTAGCACCACCCACATACAAGGCTTACCGCCTGAATCTAGGGATTTGCTTGATGAAAGGGGTAATTTTTCTAAATTCACTCTTGGCGATATGGAAATGTTAGACGTTGAGGGCGTCGCCGACATGGATCCTAATTACAAGTTCAATCAATTATTGATTCACAATAACACTCTGTCTTCTGTGTTAATAGGGAGTCATGATGGCATAGAACCTGAAAAAGTTTCATTATTGTATGCGGGCAATGGTGGTTTTGGAGACAAGCACGATTGGAACGCCACCGTTGGCTATAAAGACCAACAAGGTAACAATGTGGCTACAATAATTAATGTGCATATGAAAAACGGCAGTGGCTTAGTCATAGCAGGTGGTGAGAAAGGGATTAACAACCCTAGTTTTTATCTCTACAAAGAAGACCAACTCACAGGCTCACAACGAGCATTGAGTCAAGAAGAGATCCTAAACAAAATAGATTTCATGGAATTTCTTGCACAAAACAATGCTAAATTAGACAACTTGAGCGAGAAAGAGAAAGAAAAATTCCAAAATGAGATTAAGGATTTTCAAAAAGACTCTAAGCCTTATTTAGACGCCCTAGGGAATGATCGTATTGCTTTTGTTTCTAAAAAAGACCCAAAACATTCAGCTTTAATTACTGAGTTTAATAAGGGGGATTTGAGCTACACTCTCAAAGATTATGGGAAAAAAGCAGATAAAGCTTTAGATAGGGAGAAAAATGTCACTCTCCAAGGTAACCTAAAACATGATGGCGTGATGTTTGTTAATTATTCTAATTTCAAATACACCAACGCCTCCAAGAGTCCCAATAAGGGTGTAGGCGTTACGAATGGCGTTTCCCATTTAGAAGCAGGCTTTAGCAAGGTAGCTGTCTTTAATTTGCCTAATTTAAATAATCTCGCTATCACTAGTGTCGTAAGGCGGGATTTAGAGGATAAACTAATCGCTAAAGGATTGTCCCCACAAGAAGCTAATAAGCTTGTCAAAGATTTTTTGAGCAGCAACAAAGAATTGGTTGGAAAAGCTTTAAACTTCAATAAAGCTGTAGCTGAAGCTAAAAACACAGGCAACTATGACGAGGTGAAACGAGCTCAGAAAGATCTTGAAAAATCTCTAAAGAAACGAGAGCATTTGGAGAAAGATGTAGCGAAAAATTTGGAGAGCAAAAGCGACAACAAAAATAAAATGGAAGCAAAATCTCAAGCTAACAGCCAAAAAGATGAGATTTTTGCGTTGATCAATAAAGAGGCTAATAGGGATGCAAGAGCAATCGCTTACGCTCAAAATCTTAAAGGCATCAAAAGGGAATTGTCTGATAAACTTGAAAATATCAACAAGGATTTGAAAGACTTTAATAAATCTTTTGATGAATTCAAAAATGGCAAAAATAAGGATTTCAGCAAGGCGGAAGAAACACTAAAAGCCCTTAAAGGCTCGGTGAAAGATTTAGGTATCAATCCGGAATGGATTTCAAAAGTTGAAAACCTTAATGCAGCTTTGAATGAATTCAAAAATGGCAAAAATAAGGATTTCAGCAAGGTAACGCAAGCAAAAAGCGACCTTGAAAATTCCATTAAAGATGTGATCATCAATCAAAAGATAACGGATAAAGTTGATAATCTCAATCAAGCGGTATCAGTGGCTAAAATAGCGGGCGATTTCAGTGGGGTAGAGCAAGCGTTAGCCGATCTCAAAAATTTCTCAAAGGAGCAATTGGCTCAACAAGCTCAAAAAAATGAAAGTTTCAATGTTGGAAAA---TCTGAAATATACCAATCCGTTAAGAATGGTGTGAACGGAACCCTAGTCGGTAATGGGTTATCTGGAATAGAGGCCACAGCTCTCGCCAAAAATTTTTCGGATATCAAGAAAGAATTGAATGAGAAATTTAAAAATTTCAACAACAATAATAATGGTCTCAAAAACGGCAAGGATAAAGGACCTGAAGAACCCATTTATGCTAAAGTTAATAAAAAGAAAGCAGGACAAGTAGCTAGCCCTGAAGAACCCATTTATACTCAAGTTGCTAAAAAGGTAAATGCAAAAATTGACCGACTCAATCAAATAGCAAGTGGTTTGGGTGGTGTAGGGCAAGCAGCGGGCTTCCCTTTGAAAAGGCATGATAAAGTTGATGATCTCAGTAAGGTAGGGCTTTCAGCTAGCCCTGAACCCATTTATGCTACGATTGATGATCTCGGCGGACCTTTCCCTTTGAAAAGGCATGATAAAGTTGATGATCTCAGTAAGGTAGGGCGATCAAGGGAGCAAGAGTTGACTCAGAAAATTGACAATCTCAGTCAAGCGGTATCAGAAGCTAAAGCAGGTTTTTTTGGCAATCTAGAACAAACGATAGACAATCTCAAAGATTTTACAAAAAACAATCCTGTGAATCTATGGGCTGAAAATGCAAAAAAAGTGCCTGCTAGTTTGTCAGCGAAACTAGACAATTACGCTACTAACAGCCACACACGCATTAATAGCAATATCCAAAATGGAGCGATCAATGAAAAAGCGACCGGTATGCTAACGCAAAAAAACCCTGAGTGGCTCAAGCTCGTGAATGATAAGATAGTTGCACATAATGTGGGAAGCGTTCCTTTGTCAGAGTATGATAAAATTGGCTTCAACCAGAAGAATATGAAAGATTATTCTGATTCGTTCAAGTTTTCCACCAAGTTGAACAATGCTGTAAAAGACGTTAAGTCTGGCTTTACGCAATTTTTAGCCAATGCATTTTCTACAGGATATTACTCCTTGGCACGAGAAAATGCAGAACATGGAATCAAAAATGCTAATACAAAAGGTGGTTTCCAAAAATCTTAA,ATGACTAACGAAACCATTAACCAACAACCACAAACCGAAGCGGCTTTTAACCCGCAGCAATTTATCAATAATCTTCAAGTAGCTTTTCTTAAAGTTGATAACGCTGTCGCTTCATACGATCCTGATCAAAAACCAATCGTTGATAAGAACGATAGGGATAACAGGCAAGCTTTTGATGGAATCTCGCAATTAAGGGAAGAATACTCCAATAAAGCGATCAAAAATCCTGCCAAAAAGAATCAGTATTTTTCAGACTTTATCAATAAGAGCAATGATTTAATCAACAAAGACAATCTCATTGATGTAGAATCTTCCACAAAGAGCTTTCAGAAATTTGGGGATCAGCGTTACCGAATTTTCACAAGTTGGGTGTCCCATCAAAACGATCCGTCTAAAATCAACACCCGATCGATCCGAAATTTTATGGAAAATATCATACAACCCCCTATCCCTGATGATAAAGAAAAAGCAGAGTTTTTGAAATCTGCCAAACAATCTTTTGCAGGAATCATTATAGGGAATCAAATCCGAACGGATCAAAAGTTCATGGGCGTGTTTGATGAATCCCTGAAAGAAAGGCAAGAAGCAGAAAAAAATGGAGGGCCTACTGGTGGGGATTGGTTGGATATTTTTCTCTCATTTATATTTGACAAAAAACAATCTTCTGATGTCAAAGAAGCAATCAATCAAGAACCAGTTCCCCATGTCCAACCAGATATAGCTACTACCACCACCGACATACAAGGCTTACCGCCTGAAGCTAGAGATTTACTTGATGAAAGGGGTAATTTTTCTAAATTCACTCTTGGCGATATGGAAATGTTAGATGTTGAGGGAGTCGCTGACATTGATCCCAATTACAAGTTCAACCAATTATTGATTCACAATAACGCTCTGTCTTCTGTGTTAATGGGGAGTCATAATGGCATAGAACCTGAAAAAGTTTCATTATTGTATGCGGGCAATGGTGGTTTTGGAGCCAAGCACGATTGGAACGCCACCGTTGGTTATAAAGACCAACAAGGTAACAATGTGGCTACAATAATTAATGTGCATATGAAAAACGGCAGTGGCTTGGTCATAGCAGGTGGTGAGAAAGGGATTAACAACCCTAGTTTTTATCTCTACAAAGAAGACCAACTCACAGGCTCACAACGAGCATTGAGTCAAGAAGAGATCCGAAACAAAATAGATTTCATGGAATTTCTCGCACAAAACAACGCTAAATTAGACAACTTGAGCGAGAAAGAGAAGGAAAAATTCCGAACTGAGATTAAAGATTTCCAAAAAGACTCTAAGGCTTATTTAGACGCCCTAGGGAATGATCGTATTGCTTTTGTTTCTAAAAAAGACCCAAAACATTCAGCTTTAATTACTGAGTTTGGTAATGGGGATTTGAGCTACACTCTCAAAGATTATGGGAAAAAAGCAGATAAAGCTTTAGATAGGGAGAAAAATGTTACTCTTCAAGGTAGCCTAAAACATGATGGCGTGATGTTTGTTGATTATTCTAATTTCAAATACACCAACGCCTCCAAGAATCCCAATAAGGGTGTAGGCACTACGAATGGCGTTTCCCATTTAGAAGCAGGCTTTGACAAGGTAGCTGTCTTTAATTTGCCTGAATTAAATAATCTCGCTATCACTAGTTTCGTAAGGCGGAATTTAGAGGATAAACTAGCCACTAAAGGATTGTCCCTACAAGAAGCTAATAAGCTTATCAAAGATTTTTTGAGCAGCAACAAAGAATTGGTTGGAAAAGCTTTAAATTTCAATAAAGCTGTAGCTGAAGCTAAAAACACAGGCAATTATGACGAAGTGAAAAAAGCTCAGAAAGATCTTGAAAAATCTCTAAGGAAACGAGAGTATTTGGAGAAAGAAGTAGCAAAAAATTTGGAGAGCAAAAGCGGCAACAAAAACAAAATGGAAGCGAAATCTCAAGCTAACAGCAAAAAAGATGAGATTTTTGCGTTGATTAATAAAGAGGCTAATAGGGACGCAAGAGCAATCACTTACGCTCAGAATCTTAAAGGCATCAAAAGGGAATTGTCTGATAAACTTGAAAATGTCAACAAGAATTTGAAAGACTTTGATAAATCTTTTGATGAATTCAAAAATGGCAAAAATAAGGATTTCAGCAAGGCAGAAGAAACGCTAAAAGCCCTTAAAGGCTCGGTGAAAGATTTAGGTATCAGTCCAGAATGGATTTCAAAAGTTGAAAACCTTAATGCAGCTTTGAATGAATTCAAAAATGGCAAAAATAAGGATTTCAGCAAGGTAACGCAAGCAAAAAGCGACCTTGAAAATTCCGTTAAAGATGTGATCATCAATCAAAAGATAACGGATAAAGTTGACAATCTCAATCAAGCGGTATCAGTGGCTAAAGCAACGGGCGATTTCAGTAGGGTAGAGCAAGCGTTAGCCGATCTCAAAAATTTCTCAAAGGAGCAATTGGCTCAACAAGCTCAAAAAAATGAAGATTTCAATACTGGAAAAAATTCTGAAATATACCAATCCGTTAAGAATAGTGTGAATAGAACCCTAGTCGGTAATGGGTTATCTAAAGCAGAAGCCACAACTCTTTCTAAAAACTTTTCGGACATCAAGAAAGAGTTGAATGCGAAACTTGGAAATTTCAACAACAATAACAAT------AAT---GG-ACTTA-AAA--AC-----GAACCCATTTATGCTAAAGTTAATAAAAAGAAAACAGGACAAGTAGCTGGCCCCGAAGAACCCATTTACGCTCAAGTTGCTAAAAAGGTAAATGCAAAAATTGACCGACTCAATCAAATAGCACGTGGTTTGGGTGGTGTAGGGCAAGCAGCGGGCTTCCCTTTGAAAAAGCATGATAAAGTTGATGATCTCAGTAAGGTAGGACTTTCAGCTAGCCCTGAACCCATTTATGCTACGATTGATGATCTCGGCGGACCTTTCCCTTTGAAAAGGCATGATAAAGTTGATGATCTCAGTAAGGTAGGGCTTTCAAGGAATCAACAATTGGCTCAGAAAATTGACAATCTCAATCAAGCGGTATCAGAAGCTAAAGCAGGTTTTTTTGGCAATCTAGAGCAAACGATAGACAAGCTCAAAGATTCTACAAAATACAATTCCGTGAATCTATGGGTTGAAAGTGCAAAAAAAGTGCCTGCTAGTTTGTCAGCGAAACTAGACAATTACGCTACTAACAGCTACACACGCATTAATAGCAATATCAAAAATGGAGCAATCAATGAAAAAGCGACCGGCATGCTAACGCAAAAAAACCCTGAGTGGCTCAAGCTCGTGAATGATAAGATAGTTGCGCATAATGTGGGAAGCGTTCCTTTGTCAGAGTATGATAAAATTGGCTTCAACCAGAAAAATATGAAAGATTATTCTGATTCGTTCAAGTTTTCCACCAAGTTGAACAATGCTGCAAAAGACGCTAAGTCTGGCTTTACGCAATTTTTAGCCAATGCATTTTCTACAGGATATTACTGCTTGGCGAGAGAAAATGCTGAGCATGGAATCAAAAATGTTAATACAAAAGGTGGTTTCCAAAAATCTTAA
NZ_CP071982.1:542550-546107,PSB3.fas|142348,100.000,54,0,0,2839,2892,3476,3423,2.23e-20,100,3558,11107,minus,1,-1,TTCCCTTTGAAAAGGCATGATAAAGTTGATGATCTCAGTAAGGTAGGGCTTTCA,TTCCCTTTGAAAAGGCATGATAAAGTTGATGATCTCAGTAAGGTAGGGCTTTCA
NZ_CP071982.1:542550-546107,PSB3.fas|142348,97.872,47,1,0,2941,2987,3578,3532,8.08e-15,82.4,3558,11107,minus,1,-1,TTCCCTTTGAAAAGGCATGATAAAGTTGATGATCTCAGTAAGGTAGG,TTCCCTTTGAAAAAGCATGATAAAGTTGATGATCTCAGTAAGGTAGG
NZ_CP071982.1:542550-546107,PSB3.fas|142348,89.062,64,6,1,2080,2143,4186,4124,1.05e-13,78.7,3558,11107,minus,1,-1,TTGAAAGACTTTAATAAATCTTTTGATGAATTCAAAAATGGCAAAAATAAGGATTTCAGCAAGG,TTGAAA-ACCTTAATGCAGCTTTGAATGAATTCAAAAATGGCAAAAATAAGGATTTCAGCAAGG
NZ_CP071982.1:542550-546107,PSB3.fas|142348,88.889,63,4,3,2235,2295,4301,4240,1.35e-12,75.0,3558,11107,minus,1,-1,TTTGAATGAATTCAAAAATGGCAAAAATAAGGATTTCAGCAAGGTA-ACGCAA-GCAAAAAGC,TTTG-ATGAATTCAAAAATGGCAAAAATAAGGATTTCAGCAAGGCAGAAGAAACGCTAAAAGC
NZ_CP071982.1:542550-546107,PSE2.fas|141768,94.777,3561,164,8,1,3558,12572,16113,0.0,5526,3558,43944,plus,1,1,ATGACTAACGAAACTATTGACCAACAACCACAAACCGAAGCGGCTTTTAACCCGCAGCAATTTATCAATAATCTTCAAGTAGCTTTTCTTAAAGTTGATAACGCTGTCGCTTCATACGATCCTGATCAAAAACCAATCGTTGATAAGAACGATAGGGATAACAGGCAAGCTTTTGATGGAATCTCGCAATTAAGGGAAGAATACTCCAATAAAGCGATCAAAAATCCTACCAAAAAGAATCAGTATTTTTCAGACTTTATCAATAAGAGCAATGATTTAATCAACAAAGACGCTCTCATTGATGTGGAATCTTCCACAAAGAGCTTTCAGAAATTTGGGGATCAGCGTTACCAAATTTTCACAAGTTGGGTGTCCCATCAAAACGATCCGTCTAAAATCAACACCCGATCGATCCGAAATTTTATGGAACATACCATACAACCCCCTATCCCTGATGACAAAGAAAAAGCAGAGTTTTTGAAATCTGCCAAACAATCTTTTGCAGGAATCATTATAGGGAATCAAATCCGAACGGATCAAAAGTTCATGGGCGTGTTTGATGAATCTTTGAAAGAAAGGCAAGAAGCAGAAAAAAATGGAGGGTCTACTGGTGGGGATTGGTTGGATATTTTTTTATCATTTATATTTGACAAAAAACAATCTTCTGATGTCAAAGAAGCAATCAATCAAGAACCAGTTCCTCATATCCAACCAGATATAGCCACTAGCACCACCCACATACAAGGCTTACCGCCTGAATCTAGGGATTTGCTTGATGAAAGGGGTAATTTTTCTAAATTCACTCTTGGCGATATGGAAATGTTAGACGTTGAGGGCGTCGCCGACATGGATCCTAATTACAAGTTCAATCAATTATTGATTCACAATAACACTCTGTCTTCTGTGTTAATAGGGAGTCATGATGGCATAGAACCTGAAAAAGTTTCATTATTGTATGCGGGCAATGGTGGTTTTGGAGACAAGCACGATTGGAACGCCACCGTTGGCTATAAAGACCAACAAGGTAACAATGTGGCTACAATAATTAATGTGCATATGAAAAACGGCAGTGGCTTAGTCATAGCAGGTGGTGAGAAAGGGATTAACAACCCTAGTTTTTATCTCTACAAAGAAGACCAACTCACAGGCTCACAACGAGCATTGAGTCAAGAAGAGATCCTAAACAAAATAGATTTCATGGAATTTCTTGCACAAAACAATGCTAAATTAGACAACTTGAGCGAGAAAGAGAAAGAAAAATTCCAAAATGAGATTAAGGATTTTCAAAAAGACTCTAAGCCTTATTTAGACGCCCTAGGGAATGATCGTATTGCTTTTGTTTCTAAAAAAGACCCAAAACATTCAGCTTTAATTACTGAGTTTAATAAGGGGGATTTGAGCTACACTCTCAAAGATTATGGGAAAAAAGCAGATAAAGCTTTAGATAGGGAGAAAAATGTCACTCTCCAAGGTAACCTAAAACATGATGGCGTGATGTTTGTTAATTATTCTAATTTCAAATACACCAACGCCTCCAAGAGTCCCAATAAGGGTGTAGGCGTTACGAATGGCGTTTCCCATTTAGAAGCAGGCTTTAGCAAGGTAGCTGTCTTTAATTTGCCTAATTTAAATAATCTCGCTATCACTAGTGTCGTAAGGCGGGATTTAGAGGATAAACTAATCGCTAAAGGATTGTCCCCACAAGAAGCTAATAAGCTTGTCAAAGATTTTTTGAGCAGCAACAAAGAATTGGTTGGAAAAGCTTTAAACTTCAATAAAGCTGTAGCTGAAGCTAAAAACACAGGCAACTATGACGAGGTGAAACGAGCTCAGAAAGATCTTGAAAAATCTCTAAAGAAACGAGAGCATTTGGAGAAAGATGTAGCGAAAAATTTGGAGAGCAAAAGCGACAACAAAAATAAAATGGAAGCAAAATCTCAAGCTAACAGCCAAAAAGATGAGATTTTTGCGTTGATCAATAAAGAGGCTAATAGGGATGCAAGAGCAATCGCTTACGCTCAAAATCTTAAAGGCATCAAAAGGGAATTGTCTGATAAACTTGAAAATATCAACAAGGATTTGAAAGACTTTAATAAATCTTTTGATGAATTCAAAAATGGCAAAAATAAGGATTTCAGCAAGGCGGAAGAAACACTAAAAGCCCTTAAAGGCTCGGTGAAAGATTTAGGTATCAATCCGGAATGGATTTCAAAAGTTGAAAACCTTAATGCAGCTTTGAATGAATTCAAAAATGGCAAAAATAAGGATTTCAGCAAGGTAACGCAAGCAAAAAGCGACCTTGAAAATTCCATTAAAGATGTGATCATCAATCAAAAGATAACGGATAAAGTTGATAATCTCAATCAAGCGGTATCAGTGGCTAAAATAGCGGGCGATTTCAGTGGGGTAGAGCAAGCGTTAGCCGATCTCAAAAATTTCTCAAAGGAGCAATTGGCTCAACAAGCTCAAAAAAATGAAAGTTTCAATGTTGG---AAAATCTGAAATATACCAATCCGTTAAGAATGGTGTGAACGGAACCCTAGTCGGTAATGGGTTATCTGGAATAGAGGCCACAGCTCTCGCCAAAAATTTTTCGGATATCAAGAAAGAATTGAATGAGAAATTTAAAAATTTCAACAACAATAATAATGGTCTCAAAAACGGCAAGGATAAAGGACCTGAAGAACCCATTTATGCTAAAGTTAATAAAAAGAAAGCAGGACAAGTAGCTAGCCCTGAAGAACCCATTTATACTCAAGTTGCTAAAAAGGTAAATGCAAAAATTGACCGACTCAATCAAATAGCAAGTGGTTTGGGTGGTGTAGGGCAAGCAGCGGGCTTCCCTTTGAAAAGGCATGATAAAGTTGATGATCTCAGTAAGGTAGGGCTTTCAGCTAGCCCTGAACCCATTTATGCTACGATTGATGATCTCGGCGGACCTTTCCCTTTGAAAAGGCATGATAAAGTTGATGATCTCAGTAAGGTAGGGCGATCAAGGGAGCAAGAGTTGACTCAGAAAATTGACAATCTCAGTCAAGCGGTATCAGAAGCTAAAGCAGGTTTTTTTGGCAATCTAGAACAAACGATAGACAATCTCAAAGATTTTACAAAAAACAATCCTGTGAATCTATGGGCTGAAAATGCAAAAAAAGTGCCTGCTAGTTTGTCAGCGAAACTAGACAATTACGCTACTAACAGCCACACACGCATTAATAGCAATATCCAAAATGGAGCGATCAATGAAAAAGCGACCGGTATGCTAACGCAAAAAAACCCTGAGTGGCTCAAGCTCGTGAATGATAAGATAGTTGCACATAATGTGGGAAGCGTTCCTTTGTCAGAGTATGATAAAATTGGCTTCAACCAGAAGAATATGAAAGATTATTCTGATTCGTTCAAGTTTTCCACCAAGTTGAACAATGCTGTAAAAGACGTTAAGTCTGGCTTTACGCAATTTTTAGCCAATGCATTTTCTACAGGATATTACTCCTTGGCACGAGAAAATGCAGAACATGGAATCAAAAATGCTAATACAAAAGGTGGTTTCCAAAAATCTTAA,ATGACTAACGAAACCATTAACCAACAACCACAAACCGAAGCGGCTTTTAACCCGCAGCAATTTATCAATAATCTTCAAGTAGCTTTTCTTAAAGTTGATAACGCTGTCGCCTCATACGATCCTGATCAAAAACCAATTATTGATAAGAACGATAGGGATAATAGGCAAGCTTTTGATGGAATCTCGCAATTAAGGGAAGAATACTCCAATAAAGCGATCAAAAATCCTACCAAAAAGAATCAGTATTTTTCAGACTTTATCGATAAGAGCAATGATTTAATCAACAAAGACAATCTCATTGATGTAGAATCTTCCACAAAGAGCTTTCAGAAATTTGGGGATCAGCGTTACCGAATTTTCACAAGTTGGGTGTCCCATCAAAACGATCCGTCTAAAATCAACACCCGATCGATCCGAAATTTTATGGAAAATATCATACAACCCCCTATCCCTGATGACAAAGAAAAAGCAGAGTTTTTGAAATCTGCCAAACAATCTTTTGCAGGAATCATTATAGGGAATCAAATCCGAACGGATCAAAAGTTCATGGGCGTGTTTGATGAATCCTTGAAAGAAAGGCAAGAAGCAGAAAAAAATGGAGGGCCTACTGGTGGGGATTGGTTGGATATTTTTCTCTCATTTATATTTGACAAAAAACAATCTTCTGATGTCAAAGAAGCAATCAATCAAGAGCCAGTTTCTCATGTCCAACCAGATATAGCCACTACCACCACCGACATACAAGGCTTACCGCCTGAAGCTAGAGATTTACTTGATGAAAGGGGTAATTTTTCTAAATTCACTCTTGGCGATATGGAAATGTTAGATGTTGAGGGAGTCGCTGACATTGATCCCAATTATAAGTTCAACCAATTATTGATTCACAATAACGCTCTGTCTTCTGTGTTAATGGGGAGTCATAATGGCATAGAACCTGAAAAAGTTTCATTATTGTATGCGGGCAATGGTGGTTTTGGAGCCAAGCACGATTGGAACGCCACCGTTGGTTATAAAGACCAACAAGGTAACAATGTGGCTACAATAATTAATGTGCATATGAAAAACGGCAGTGGGTTAGTCATAGCAGGTGGTGAGAAAGGGATTAACAACCCTAGTTTTTATCTCTACAAAGAAGACCAACTCACAGGCTCACAACGAGCATTGAGTCAAGAAGAGATTCGAAACAAAATAGATTTCATGGAATTTCTTGCACAAAATAATGCTAAATTAGACAACTTGAGCGAGAAAGAGAAGGAAAAATTCCGAACTGAGATTAAGGATTTCCAAAAAGACTCTAAGGCTTATTTAGACGCCCTAGGGAATGATCGTATTGCTTTTGTTTCTAAAAAAGACCCAAAACATTCAGCTTTAATTACTGAGTTTGGTAATGGGGATTTGAGCTACACTCTCAAAGATTATGGGAAAAAAGCAGATAAAGCTTTAGATAGGGAGAAAAATGTTACTCTTCAAGGTAACCTAAAACATGATGGCGTGATGTTTGTTGATTATTCTAATTTCAAATACACCAACGCCTCCAAGAATCCCAATAAGGGTGTAGGCGTTACAAAT-GCGTTTCCCATTTAGAAGCAGGCTTTGACAAGGTAGCTGTCTTTAATTTGCCTGATTTAAATAATCTCGCTATCACTAGTTTCGTAAGGCAGAATTTAGAGGATAAACTAATCACTAAAGGATTGTCCCTACAAGAAGCTAATAAGCTTATCAAAGATTTTTTGAGCAGCAACAAAGAATTGGTTGGAAAAGCTTTAAATTTCAATAAAGCTGTAGCTGACGCTAAAAACACAGGCAACTATGACGAGGTGAAAAAAGCTCAGAAAGATCTTGAAAAATCTCTAAGGAAACGAGAGCACTTAGAGAAAGAAGTAGCGAAAAATTTGGAGAGCAAAAGCGGCAACAAAAACAAAATGGAAGCGAAATCTCAAGCTAACAGCCAAAAAGATGAGATTTTTTCGTTGATCAATAAAGAGGCTAATAGGGACGCAAGAGCAATCACTTACGCTCAGAATCTTAAAGGCATCAAAAGGGAATTGTCTGATAAACTTGAAAATATCAATAAGGATTTGAAAGACTTTAGTAAATCTTTTGATGAATTCAAAAATGGCAAAAATAAGGATCTCAGCAAGGCAGAAGAAACGCTAAAAGCCCTTAAAGGCTCGGTGAAAGATTTAGGTATCAATCCAGAATGGATTTCAAAAGTTGAAAACCTTAATGCAGCTTTGAATGAATTCAAAAATGGCAAAAATAAGGATTTCAGCAAGGTAACGCAAGCAAAAAGCGACCTTGAAAATTCCGTTAAAGATGTGATCATCAATCAAAAGGTAACGGATAAAGTTGACAATCTCAATCAAGCGGTATCAGTGGCTAAAGCAACGGGTGATTTCAGTAGGGTAGAGCAAGCGTTAGCCGATCTCAAAAATTTCTCAAAGGAGCAATTGGCCCAACAAGCTCAAAAAAATGAAAGTCTCAATGCTGGAAAAAAATCTGAAATATATCAATCCGTTAAGAATGGTGTGAATGGAACCCTGGTCGGTAATGGATTATCTCAAGCAGAAGCCACAACTCTTTCTAAAAACTTTTCGGACATCAAGAAAGAGTTGAATGCAAAACTTGGAAATTTCAATAACAATAACAAT------AAT---GG-ACTCA-AAA--AC-----GAACCCATTTATGCTAAAGTTAATAAAAAGAAAGCAGGGCAAGCAGCTAGCCCTGAAGAACCCATTTACGCTCAAGTTGCTAAAAAGGTAAATGCAAAAATTGACCGACTCAATCAAGTAGCAAGTGGTTTGGGTGTTGTAGGGCAAGCAGTGGGCTTCCCTTTGAAAAGGCATGATAAAGTTGATGATCTCAGTAAGGTAGGGCGATCGGTTAGCCCTGAACCCATTTACGCTACGATTGATGATCTCGGCGGACCTTTCCCTTTGAAAAGGCATGATAAAGTTGATGATCTCAGTAAGGTAGGGCTTTCAAGGAATCAAGAATTGGCTCAGAAAATTGACAATCTCAATCAAGCGGTATCAGAAGCTAAAGCAGGTTTTTTTGGCAATCTAGAGCAAACGATAGACAAGCTCAAAGATTCTACAAAACACAATCCCATGAATCTATGGGTTGAAAGTGCAAAAAAAGTACCTGCTAGTTTGTCAGCGAAACTAGACAATTACGCTACTAACAGCCACACACGCATTGATAGCAATATCAAAAATGGAGCAATCAATGAAAAAGCGACCGGCATGCTAACGCAAAAAAACCCTGAGTGGCTCAAGCTCGTGAATGATAAGATAGTTGCGCATAATGTAGGAAGCGTTCCTTTGTCAGAGTATGATAAAATTGGCTTCAACCAGAAGAATATGAAAGATTATTCTGATTCGTTCAAGTTTTCCACCAAGTTAAACAATGCTGTAAAAGACGCTAAGTCTGGCTTTACGCAATTTTTAGCCAATGCATTTTCTACAGGATATTACTGCTTGGCGGGAGAAAATGCGGAGCATGGAATCAAAAATGTTAATACAAAAGGTGGTTTCCAAAAATCTTAA
NZ_CP071982.1:542550-546107,PSE2.fas|141768,100.000,54,0,0,2839,2892,15496,15549,2.23e-20,100,3558,43944,plus,1,1,TTCCCTTTGAAAAGGCATGATAAAGTTGATGATCTCAGTAAGGTAGGGCTTTCA,TTCCCTTTGAAAAGGCATGATAAAGTTGATGATCTCAGTAAGGTAGGGCTTTCA
NZ_CP071982.1:542550-546107,PSE2.fas|141768,100.000,53,0,0,2941,2993,15394,15446,8.02e-20,99.0,3558,43944,plus,1,1,TTCCCTTTGAAAAGGCATGATAAAGTTGATGATCTCAGTAAGGTAGGGCGATC,TTCCCTTTGAAAAGGCATGATAAAGTTGATGATCTCAGTAAGGTAGGGCGATC
NZ_CP071982.1:542550-546107,PSE2.fas|141768,89.062,64,6,1,2080,2143,14786,14848,1.05e-13,78.7,3558,43944,plus,1,1,TTGAAAGACTTTAATAAATCTTTTGATGAATTCAAAAATGGCAAAAATAAGGATTTCAGCAAGG,TTGAAA-ACCTTAATGCAGCTTTGAATGAATTCAAAAATGGCAAAAATAAGGATTTCAGCAAGG
NZ_CP071982.1:542550-546107,PSE2.fas|141768,95.455,44,1,1,2235,2278,14671,14713,6.29e-11,69.4,3558,43944,plus,1,1,TTTGAATGAATTCAAAAATGGCAAAAATAAGGATTTCAGCAAGG,TTTG-ATGAATTCAAAAATGGCAAAAATAAGGATCTCAGCAAGG
NZ_CP071982.1:542550-546107,PSO1.fas|133814,94.664,3561,166,8,1,3558,10686,7147,0.0,5502,3558,12059,minus,1,-1,ATGACTAACGAAACTATTGACCAACAACCACAAACCGAAGCGGCTTTTAACCCGCAGCAATTTATCAATAATCTTCAAGTAGCTTTTCTTAAAGTTGATAACGCTGTCGCTTCATACGATCCTGATCAAAAACCAATCGTTGATAAGAACGATAGGGATAACAGGCAAGCTTTTGATGGAATCTCGCAATTAAGGGAAGAATACTCCAATAAAGCGATCAAAAATCCTACCAAAAAGAATCAGTATTTTTCAGACTTTATCAATAAGAGCAATGATTTAATCAACAAAGACGCTCTCATTGATGTGGAATCTTCCACAAAGAGCTTTCAGAAATTTGGGGATCAGCGTTACCAAATTTTCACAAGTTGGGTGTCCCATCAAAACGATCCGTCTAAAATCAACACCCGATCGATCCGAAATTTTATGGAACATACCATACAACCCCCTATCCCTGATGACAAAGAAAAAGCAGAGTTTTTGAAATCTGCCAAACAATCTTTTGCAGGAATCATTATAGGGAATCAAATCCGAACGGATCAAAAGTTCATGGGCGTGTTTGATGAATCTTTGAAAGAAAGGCAAGAAGCAGAAAAAAATGGAGGGTCTACTGGTGGGGATTGGTTGGATATTTTTTTATCATTTATATTTGACAAAAAACAATCTTCTGATGTCAAAGAAGCAATCAATCAAGAACCAGTTCCTCATATCCAACCAGATATAGCCACTAGCACCACCCACATACAAGGCTTACCGCCTGAATCTAGGGATTTGCTTGATGAAAGGGGTAATTTTTCTAAATTCACTCTTGGCGATATGGAAATGTTAGACGTTGAGGGCGTCGCCGACATGGATCCTAATTACAAGTTCAATCAATTATTGATTCACAATAACACTCTGTCTTCTGTGTTAATAGGGAGTCATGATGGCATAGAACCTGAAAAAGTTTCATTATTGTATGCGGGCAATGGTGGTTTTGGAGACAAGCACGATTGGAACGCCACCGTTGGCTATAAAGACCAACAAGGTAACAATGTGGCTACAATAATTAATGTGCATATGAAAAACGGCAGTGGCTTAGTCATAGCAGGTGGTGAGAAAGGGATTAACAACCCTAGTTTTTATCTCTACAAAGAAGACCAACTCACAGGCTCACAACGAGCATTGAGTCAAGAAGAGATCCTAAACAAAATAGATTTCATGGAATTTCTTGCACAAAACAATGCTAAATTAGACAACTTGAGCGAGAAAGAGAAAGAAAAATTCCAAAATGAGATTAAGGATTTTCAAAAAGACTCTAAGCCTTATTTAGACGCCCTAGGGAATGATCGTATTGCTTTTGTTTCTAAAAAAGACCCAAAACATTCAGCTTTAATTACTGAGTTTAATAAGGGGGATTTGAGCTACACTCTCAAAGATTATGGGAAAAAAGCAGATAAAGCTTTAGATAGGGAGAAAAATGTCACTCTCCAAGGTAACCTAAAACATGATGGCGTGATGTTTGTTAATTATTCTAATTTCAAATACACCAACGCCTCCAAGAGTCCCAATAAGGGTGTAGGCGTTACGAATGGCGTTTCCCATTTAGAAGCAGGCTTTAGCAAGGTAGCTGTCTTTAATTTGCCTAATTTAAATAATCTCGCTATCACTAGTGTCGTAAGGCGGGATTTAGAGGATAAACTAATCGCTAAAGGATTGTCCCCACAAGAAGCTAATAAGCTTGTCAAAGATTTTTTGAGCAGCAACAAAGAATTGGTTGGAAAAGCTTTAAACTTCAATAAAGCTGTAGCTGAAGCTAAAAACACAGGCAACTATGACGAGGTGAAACGAGCTCAGAAAGATCTTGAAAAATCTCTAAAGAAACGAGAGCATTTGGAGAAAGATGTAGCGAAAAATTTGGAGAGCAAAAGCGACAACAAAAATAAAATGGAAGCAAAATCTCAAGCTAACAGCCAAAAAGATGAGATTTTTGCGTTGATCAATAAAGAGGCTAATAGGGATGCAAGAGCAATCGCTTACGCTCAAAATCTTAAAGGCATCAAAAGGGAATTGTCTGATAAACTTGAAAATATCAACAAGGATTTGAAAGACTTTAATAAATCTTTTGATGAATTCAAAAATGGCAAAAATAAGGATTTCAGCAAGGCGGAAGAAACACTAAAAGCCCTTAAAGGCTCGGTGAAAGATTTAGGTATCAATCCGGAATGGATTTCAAAAGTTGAAAACCTTAATGCAGCTTTGAATGAATTCAAAAATGGCAAAAATAAGGATTTCAGCAAGGTAACGCAAGCAAAAAGCGACCTTGAAAATTCCATTAAAGATGTGATCATCAATCAAAAGATAACGGATAAAGTTGATAATCTCAATCAAGCGGTATCAGTGGCTAAAATAGCGGGCGATTTCAGTGGGGTAGAGCAAGCGTTAGCCGATCTCAAAAATTTCTCAAAGGAGCAATTGGCTCAACAAGCTCAAAAAAATGAAAGTTTCAATGTTGGAAAA---TCTGAAATATACCAATCCGTTAAGAATGGTGTGAACGGAACCCTAGTCGGTAATGGGTTATCTGGAATAGAGGCCACAGCTCTCGCCAAAAATTTTTCGGATATCAAGAAAGAATTGAATGAGAAATTTAAAAATTTCAACAACAATAATAATGGTCTCAAAAACGGCAAGGATAAAGGACCTGAAGAACCCATTTATGCTAAAGTTAATAAAAAGAAAGCAGGACAAGTAGCTAGCCCTGAAGAACCCATTTATACTCAAGTTGCTAAAAAGGTAAATGCAAAAATTGACCGACTCAATCAAATAGCAAGTGGTTTGGGTGGTGTAGGGCAAGCAGCGGGCTTCCCTTTGAAAAGGCATGATAAAGTTGATGATCTCAGTAAGGTAGGGCTTTCAGCTAGCCCTGAACCCATTTATGCTACGATTGATGATCTCGGCGGACCTTTCCCTTTGAAAAGGCATGATAAAGTTGATGATCTCAGTAAGGTAGGGCGATCAAGGGAGCAAGAGTTGACTCAGAAAATTGACAATCTCAGTCAAGCGGTATCAGAAGCTAAAGCAGGTTTTTTTGGCAATCTAGAACAAACGATAGACAATCTCAAAGATTTTACAAAAAACAATCCTGTGAATCTATGGGCTGAAAATGCAAAAAAAGTGCCTGCTAGTTTGTCAGCGAAACTAGACAATTACGCTACTAACAGCCACACACGCATTAATAGCAATATCCAAAATGGAGCGATCAATGAAAAAGCGACCGGTATGCTAACGCAAAAAAACCCTGAGTGGCTCAAGCTCGTGAATGATAAGATAGTTGCACATAATGTGGGAAGCGTTCCTTTGTCAGAGTATGATAAAATTGGCTTCAACCAGAAGAATATGAAAGATTATTCTGATTCGTTCAAGTTTTCCACCAAGTTGAACAATGCTGTAAAAGACGTTAAGTCTGGCTTTACGCAATTTTTAGCCAATGCATTTTCTACAGGATATTACTCCTTGGCACGAGAAAATGCAGAACATGGAATCAAAAATGCTAATACAAAAGGTGGTTTCCAAAAATCTTAA,ATGACTAACGAAACCATTAACCAACAACCACAAACCGAAGCGGCTTTTAATCCGCAGCAATTTATCAATAATCTTCAAGTAGCTTTTCTTAAAGTTGATAACGCTGTCGCTTCATACGATCCTGATCAAAAACCAATCGTTGATAAGAACGATAGGGATAACAGGCAAGCTTTTGATGAAATCTCGCAATTAAGGGAAGAATACTCCAATAAAGCGATCAAAAATCCTACCAAAAAGAATCAGTATTTTTCAGACTTTATCGATAAGAGCAATGATTTAATCAACAAAGACAATCTCATTGATGTAGAATCTTCCACAGAGAGCTTTCAGAAATTTGGGGATCAGCGTTACCGAATTTTCACAAGTTGGGTGTCCCATCAAAACGATCCGTCTAAAATCAACACCCGATCGATCCGAAATTTTATGGAAAATATCATACAACCCCCTATCCCTGATGATAAAGAAAAAGCAGAGTTTTTGAAATCTGCCAAACAATCTTTTGCAGGAATCATTATAGGGAATCAAATCCGAACGGATCAAAAGTTCATGGGCGTGTTTGATGAATCCTTGAAAGAAAGGCAAGAAGCAGAAAAAAATGGAGGGACTACTGGTGGGGATTGGTTGGATATTTTTCTCTCAATTATATTTGACAAAAAACAATCTTCTGATGTCAAAGAAGCAATCAATCAAGAACCAGTTCCCCATGTCCAACCAGATGTAGCCACTACCACCACCGACATACAAGGCTTACCGCCTGAAGCTAGAGATTTACTTGATGAAAGGGGTAATTTTTCTAAATTCACTCTTGGCGATATGGAAATGTTAGATGTTGAGGGAGTCGCTGACATTGATCCTAATTACAAGTTCAACCAATTATTGATTCACAATAACGCTTTATCTTCTGTGTTAATGGGGAGTCATAATGGCATAGAACCTGAAAAAGTTTCATTATTGTATGCGGGCAATGGTGGTTTTGGAGCCAAGCACGATTGGAACGCCACCGTTGGTTATAAAGACCAACAAGGTAACAATGTGGCTACAATAATTAATGTGCATATGAAAAACGGCAGTGGCTTGGTCATAGCAGGTGGTGAGAAAGGGATTAACAACCCTAGTTTTTATCTCTACAAAGAAGACCAACTCACAGGCTCACAACGAGCATTGAGTCAAGAAGAGATCCGAAACAAAATAGATTTCATGGAATTTCTTGCACAAAATAATGCTAAATTAGACAACTTGAGCGAGAAAGAGAAAGAAAAATTCCGAACTGAGATTAAGGATTTCCAAAAAGACTCTAAGACTTATTTAGACGCCCTAGGGAATGATCGTATTGCTTTTGTTTCTAAAAAAGACCCAAAACATTCAGCTTTAATTACTGAGTTTGGTAAGGGGGATTTGAGCTACACTCTCAAAGATTATGGGAAAAAAGCAGATAAAGCTTTAGATAGGGAGAAAAATGTCACTCTCCAAGGTAACCTAAAACATGATGGCGTGATGTTTGTTGATTATTCTAATTTCAAATACACCAACGCCTCCAAGAATCCCAATAAGGGTGTAGGCGTTACAAATGGCGTTTCCCATTTAGAAGCAGGCTTTGACAAGGTAGCTGTCTTTAATTTGCCTGATTTAAATAATCTCGCTATCACTAGTTTCGTAAGGCGGAATTTAGAGGATAAACTAGTCGCTAAAGGATTGTCCCTACAAGAAGCTAATAAGCTTATCAAAGATTTTTTGAATAGCAACAAAGAATTGGTTGGAAAAGCTTTAAACTTCAATAAAGCTGTAGCTGACGCTAAAAACACAGGCAACTATGACGAAGTGAAAAAAGCTCAGAAAGATCTTGAAAAATCCTTAAGGAAACGAGAGCATTTAGAGAAAGAAGTAGCAAAAAATTTGGAGAGCAAAAGCGGCAACAAAAATAAAATGGAAGCGAAATCTCAAGCTAACAGCCAAAAAGATGAGATTTTTGCGTTGATCAATAAAGAGTCTAATAGGGAAGCAAAAGCAATCACTTACGCTCAGAATCTTAAAGGCATCAGAAGGAAATTGTCTGATAAACTTGAAAATGTCAACAAGAATTTGAAAGACTTTAGTAAATCTTTTGATGGATTCAAAAATGGCAAAAATAAGGATTTCAGCAAGGCAGAAGAAACACTAAAAACCCTTAAAGGCTCGGTGAAAGATTTAGGTATCAATCCAGAATGGATTTCAAAAGTTGAAAACCTTAATGCAGCTTTGAATGAATTCAAAAATGGCAAAAATAAGGATTTCAGCAAGGTAACGCAAGCAAAAAGCGACCTTGAAAATTCTGTTAAAGATGTGATCATCAATCAAAAGGTAACGGATAAAGTTGACAATCTCAATCAAGCGGTATCAGTGGCTAAAGCAACGGGTGATTTCAGTAGGGTAGAGCAAGCGTTAGCCGATCTCAAAAACTTCTCAAAGGAGCAATTGGCTCAACAAACTCAAAAAAATGAAGATTTCAATACTGGAAAAAATTCTGCACTATACCAATCCGTTAAGAATGGTGTGAATGGAACCCTAGTCGGTAATGGGTTATCTAAAGCAGAAGCCACAACTCTTTCTAAAAACTTTTCGGACATCAAGAAAGAGTTGAATGCAAAATTGGGGAATTTCAATAACAATAACAAT------AAT---GG-ACTCA-AAA--AC-----GAACCCATTTATGCTAAAGTTAATAAAAAGAAAGCAGGACAAGTAGCTAGCCTTGAAGAACCCATTTACGCTCAAGTTGCTAAAAAGGTAAATGCAAAAATTGACCAACTCAATCAAGCAGCAAGTGGTTTCGGTGGTGTAAATCAAGC---GGGCTTCCCTTTGAAAAGGCATGATAAAGTTGATGATCTCAGTAAGGTAGGGCGATCGGTTAGCCCTGAACCCATTTATGCTACGATTGATGATCTCGGCGGACCTTTCCCTTTGAAAAGGCATGATAAAGTTGATGATCTCAGTAAGGTAGGGCTTTCAAGGAATCAAGAATTGGCTCAGAAAATTGACAATCTCAATCAAGCGGTATCAGAAGCTAAAGGAGGTTTTTTTGGCAATCTAGAGCAAACGATAAACAATCTCAAAGATTCTACAAAATACAATCCTGTGAATCTATGGGCTGAAAGTGCAAAAAAAGTGCCTGCTAGTTTGTCAGCGAAACTAGACAATTACGCTACTAACAGCCACACACGCATTAATAGCAATGTCCACAATGGAGCAATCAATGAAAAAGCGACCGGCATGCTAACGCAAAAAAACCCTGAGTGGCTCAAGCTCGTGAATGATAAGATAGTTGCACATAATGTGGGAAGCGTTCCTTTGTCAGAGTATGATAAAATTGGCTTCAACCAGAAGAATATGAAAGATTATTCTGATTCGTTCAAGTTTTCCACCAAGTTGAACAATGCTGTAAAAGACATTAAGTCTGGCTTTACGCAATTTTTAGCCAATGCATTTTCTACAGGATATTACTGCTTGGCGGGGGAAAATGCAGAGCATGGAATCAAAAATGTTAATACAAAAGGTGGTTTCCAAAAATCTTAA
NZ_CP071982.1:542550-546107,PSO1.fas|133814,100.000,54,0,0,2839,2892,7764,7711,2.23e-20,100,3558,12059,minus,1,-1,TTCCCTTTGAAAAGGCATGATAAAGTTGATGATCTCAGTAAGGTAGGGCTTTCA,TTCCCTTTGAAAAGGCATGATAAAGTTGATGATCTCAGTAAGGTAGGGCTTTCA
NZ_CP071982.1:542550-546107,PSO1.fas|133814,100.000,53,0,0,2941,2993,7866,7814,8.02e-20,99.0,3558,12059,minus,1,-1,TTCCCTTTGAAAAGGCATGATAAAGTTGATGATCTCAGTAAGGTAGGGCGATC,TTCCCTTTGAAAAGGCATGATAAAGTTGATGATCTCAGTAAGGTAGGGCGATC
NZ_CP071982.1:542550-546107,PSO1.fas|133814,89.062,64,6,1,2080,2143,8471,8409,1.05e-13,78.7,3558,12059,minus,1,-1,TTGAAAGACTTTAATAAATCTTTTGATGAATTCAAAAATGGCAAAAATAAGGATTTCAGCAAGG,TTGAAA-ACCTTAATGCAGCTTTGAATGAATTCAAAAATGGCAAAAATAAGGATTTCAGCAAGG
NZ_CP071982.1:542550-546107,PSO1.fas|133814,95.455,44,1,1,2235,2278,8586,8544,6.29e-11,69.4,3558,12059,minus,1,-1,TTTGAATGAATTCAAAAATGGCAAAAATAAGGATTTCAGCAAGG,TTTG-ATGGATTCAAAAATGGCAAAAATAAGGATTTCAGCAAGG
NZ_CP071982.1:542550-546107,PSK4.fas|lcl|134415,94.580,3561,172,7,1,3558,116,3658,0.0,5487,3558,18221,plus,1,1,ATGACTAACGAAACTATTGACCAACAACCACAAACCGAAGCGGCTTTTAACCCGCAGCAATTTATCAATAATCTTCAAGTAGCTTTTCTTAAAGTTGATAACGCTGTCGCTTCATACGATCCTGATCAAAAACCAATCGTTGATAAGAACGATAGGGATAACAGGCAAGCTTTTGATGGAATCTCGCAATTAAGGGAAGAATACTCCAATAAAGCGATCAAAAATCCTACCAAAAAGAATCAGTATTTTTCAGACTTTATCAATAAGAGCAATGATTTAATCAACAAAGACGCTCTCATTGATGTGGAATCTTCCACAAAGAGCTTTCAGAAATTTGGGGATCAGCGTTACCAAATTTTCACAAGTTGGGTGTCCCATCAAAACGATCCGTCTAAAATCAACACCCGATCGATCCGAAATTTTATGGAACATACCATACAACCCCCTATCCCTGATGACAAAGAAAAAGCAGAGTTTTTGAAATCTGCCAAACAATCTTTTGCAGGAATCATTATAGGGAATCAAATCCGAACGGATCAAAAGTTCATGGGCGTGTTTGATGAATCTTTGAAAGAAAGGCAAGAAGCAGAAAAAAATGGAGGGTCTACTGGTGGGGATTGGTTGGATATTTTTTTATCATTTATATTTGACAAAAAACAATCTTCTGATGTCAAAGAAGCAATCAATCAAGAACCAGTTCCTCATATCCAACCAGATATAGCCACTAGCACCACCCACATACAAGGCTTACCGCCTGAATCTAGGGATTTGCTTGATGAAAGGGGTAATTTTTCTAAATTCACTCTTGGCGATATGGAAATGTTAGACGTTGAGGGCGTCGCCGACATGGATCCTAATTACAAGTTCAATCAATTATTGATTCACAATAACACTCTGTCTTCTGTGTTAATAGGGAGTCATGATGGCATAGAACCTGAAAAAGTTTCATTATTGTATGCGGGCAATGGTGGTTTTGGAGACAAGCACGATTGGAACGCCACCGTTGGCTATAAAGACCAACAAGGTAACAATGTGGCTACAATAATTAATGTGCATATGAAAAACGGCAGTGGCTTAGTCATAGCAGGTGGTGAGAAAGGGATTAACAACCCTAGTTTTTATCTCTACAAAGAAGACCAACTCACAGGCTCACAACGAGCATTGAGTCAAGAAGAGATCCTAAACAAAATAGATTTCATGGAATTTCTTGCACAAAACAATGCTAAATTAGACAACTTGAGCGAGAAAGAGAAAGAAAAATTCCAAAATGAGATTAAGGATTTTCAAAAAGACTCTAAGCCTTATTTAGACGCCCTAGGGAATGATCGTATTGCTTTTGTTTCTAAAAAAGACCCAAAACATTCAGCTTTAATTACTGAGTTTAATAAGGGGGATTTGAGCTACACTCTCAAAGATTATGGGAAAAAAGCAGATAAAGCTTTAGATAGGGAGAAAAATGTCACTCTCCAAGGTAACCTAAAACATGATGGCGTGATGTTTGTTAATTATTCTAATTTCAAATACACCAACGCCTCCAAGAGTCCCAATAAGGGTGTAGGCGTTACGAATGGCGTTTCCCATTTAGAAGCAGGCTTTAGCAAGGTAGCTGTCTTTAATTTGCCTAATTTAAATAATCTCGCTATCACTAGTGTCGTAAGGCGGGATTTAGAGGATAAACTAATCGCTAAAGGATTGTCCCCACAAGAAGCTAATAAGCTTGTCAAAGATTTTTTGAGCAGCAACAAAGAATTGGTTGGAAAAGCTTTAAACTTCAATAAAGCTGTAGCTGAAGCTAAAAACACAGGCAACTATGACGAGGTGAAACGAGCTCAGAAAGATCTTGAAAAATCTCTAAAGAAACGAGAGCATTTGGAGAAAGATGTAGCGAAAAATTTGGAGAGCAAAAGCGACAACAAAAATAAAATGGAAGCAAAATCTCAAGCTAACAGCCAAAAAGATGAGATTTTTGCGTTGATCAATAAAGAGGCTAATAGGGATGCAAGAGCAATCGCTTACGCTCAAAATCTTAAAGGCATCAAAAGGGAATTGTCTGATAAACTTGAAAATATCAACAAGGATTTGAAAGACTTTAATAAATCTTTTGATGAATTCAAAAATGGCAAAAATAAGGATTTCAGCAAGGCGGAAGAAACACTAAAAGCCCTTAAAGGCTCGGTGAAAGATTTAGGTATCAATCCGGAATGGATTTCAAAAGTTGAAAACCTTAATGCAGCTTTGAATGAATTCAAAAATGGCAAAAATAAGGATTTCAGCAAGGTAACGCAAGCAAAAAGCGACCTTGAAAATTCCATTAAAGATGTGATCATCAATCAAAAGATAACGGATAAAGTTGATAATCTCAATCAAGCGGTATCAGTGGCTAAAATAGCGGGCGATTTCAGTGGGGTAGAGCAAGCGTTAGCCGATCTCAAAAATTTCTCAAAGGAGCAATTGGCTCAACAAGCTCAAAAAAATGAAAGTTTCAATGTTGG---AAAATCTGAAATATACCAATCCGTTAAGAATGGTGTGAACGGAACCCTAGTCGGTAATGGGTTATCTGGAATAGAGGCCACAGCTCTCGCCAAAAATTTTTCGGATATCAAGAAAGAATTGAATGAGAAATTTAAAAATTTCAACAACAATAATAATGGTCTCAAAAACGGCAAGGATAAAGGACCTGAAGAACCCATTTATGCTAAAGTTAATAAAAAGAAAGCAGGACAAGTAGCTAGCCCTGAAGAACCCATTTATACTCAAGTTGCTAAAAAGGTAAATGCAAAAATTGACCGACTCAATCAAATAGCAAGTGGTTTGGGTGGTGTAGGGCAAGCAGCGGGCTTCCCTTTGAAAAGGCATGATAAAGTTGATGATCTCAGTAAGGTAGGGCTTTCAGCTAGCCCTGAACCCATTTATGCTACGATTGATGATCTCGGCGGACCTTTCCCTTTGAAAAGGCATGATAAAGTTGATGATCTCAGTAAGGTAGGGCGATCAAGGGAGCAAGAGTTGACTCAGAAAATTGACAATCTCAGTCAAGCGGTATCAGAAGCTAAAGCAGGTTTTTTTGGCAATCTAGAACAAACGATAGACAATCTCAAAGATTTTACAAAAAACAATCCTGTGAATCTATGGGCTGAAAATGCAAAAAAAGTGCCTGCTAGTTTGTCAGCGAAACTAGACAATTACGCTACTAACAGCCACACACGCATTAATAGCAATATCCAAAATGGAGCGATCAATGAAAAAGCGACCGGTATGCTAACGCAAAAAAACCCTGAGTGGCTCAAGCTCGTGAATGATAAGATAGTTGCACATAATGTGGGAAGCGTTCCTTTGTCAGAGTATGATAAAATTGGCTTCAACCAGAAGAATATGAAAGATTATTCTGATTCGTTCAAGTTTTCCACCAAGTTGAACAATGCTGTAAAAGACGTTAAGTCTGGCTTTACGCAATTTTTAGCCAATGCATTTTCTACAGGATATTACTCCTTGGCACGAGAAAATGCAGAACATGGAATCAAAAATGCTAATACAAAAGGTGGTTTCCAAAAATCTTAA,ATGACTAACGAAACCATTAACCAACAACCACAAACCGAAGCGGCTTTTAACCCGCAGCAATTTATCAATAATCTTCAAGTGGCTTTTCTTAAAGTTGATAACGCTGTCGCTTCATATGATCCTGATCAAAAACCAATCGTTGATAAGAACGATAGGGATAACAGGCAAGCTTTTAATGGAATCTCGCAATTAAGGGAAGAATACTCCAATAAAGCGATCAAAAATCCTGCCAAAAAGAATCAGTATTTTTCAGACTTTATCAATAAGAGCAACGATTTGATCAACAAAGACGCTCTCATTGATGTAGAATCTTCCACAAAGAGCTTTCAGAAATTTGGGGATCAGCGTTACCGAATTTTCACAAGTTGGGTGTCCCATCAAAACGATCCGTCTAAAATCAACACCCGATCGATCCGAAATTTTATGGAAAATATCATACAACCCCCTATCCCTGATGACAAAGAAAAAGCAGAGTTTTTGAAATCTGCCAAACAATCTTTTGCAGGAATCATCATAGGGAATCAAATCCGAACGGATCAAAAGTTCATGGGCGTGTTTGATGAATCCTTGAAAGAAAGGCAAGAAGCAGAAAAAAATGGAGGGCCTACTGGTAGGGATTGGTTGGATATTTTTCTCTCATTTATATTTGACAAAAAACAATCTTCTGATGTCAAAGAAGCAATCAATCAAGAGCCAGTTCCCCATGTCCAACCAGATATAGCCACTACCACCACCGACATACAAGGCTTACCGCCTGAAGCTAGAGATTTACTTGATGAAAGGGGTAATTTTTCTAAATTCACTCTTGGCGATATGGAAATGTTAGATGTTGAGGGAGTCGCTGACATTGATCCCAATTACAAGTTCAACCAATTATTGATTCACAATAACGCTCTGTCTTCTGTGTTAATGGGGAGTCATAATGGCATAGAACCTGAAAAAGTTTCATTATTGTATGCGGGCAATGGTGGTTTTGGAGCTAAACACGATTGGAACGCCACCGTTGGTTATAAAGACCAACAAGGTAACAATGTGGCTACAATAATTAATGTGCATATGAAAAACGGCAGTGGCTTAGTCATAGCAGGTGGTGAGAAAGGGATTAACAACCCTAGTTTTTATCTCTACAAAGAAGACCAACTCACGGGCTCACAACGAGCATTGAGTCAAGAAGAGATCCGAAACAAAATAAATTTCATGGAATTTCTTGCACAAAACAATGCTAAATTAGACAACTTGAGCGAGAAAGAGAAGGAAAAATTCCAAACTGAGATTAAGAATTTCCAAAAAGACTCTAAGGCTTATTTAGACGCCCTAGGGAATGATCGTATTGCTTTTGTTTCTAAAAAAGACCCAAAACATTCAGCTTTAATTACTGAGTTTGGTAATGGGGATTTGAGCTACACTCTCAAAGATTATGGGAAAAAAGCAGATAAAGCTTTAGATAGGGAGAAAAATGTTACTCTTCAAGGTAGCCTAAAACATGATGGCGTGATGTTTGTTGATTATTCTAATTTCAAATACACCAACACCTCCAAGAATCCCAATAAGGGTGTAGGCGTTACAAATGGCGTTTCCCATTTAGAGGCAGGCTTTGACAAGGTAGCTATCTTTAATTTGCCTGATTTAAATAATCTCGCTATCACTAGTTTCGTAAGGCGGAATTTAGAGAACAACCTAACCACTAAAGGATTGTCCCTACAAGAAGCTAATAAGCTTATCAAAGATTTTTTGAGCAGCAACAAAGAATTGGTTGGAAAAGCTTTAAACTTCAATAAAGCTGTAGCTGACGCTAAAAACACAGGCAACTATGACGAGGTGAAAAAAGCTCAGAAAGATCTTGAAAAATCTCTAAGGAGACGAGAGCATTTAGAGAAAGAAGTAGCGAAAAATTTGGAGAGCAAAAGCGGCAACAAAAACAAAATGGAAGCGAAATCTCAAGCTAACAGCCAAAAAAATAAGATTTTTGCGTTGATCAATAAGGAGGCTAATAGGGACGCAAGAGCAATCGCTTACACTCAGAATCTTAAAGGCATCAAAAGGGAATTGTCTGATAAACTTGAAAATGTCAACAAGAATTTGAAAGGCTTTGATAAATCTTTTGATGAATTCAAAAATGGCAAAAATAAGGATTTCAGCAAGGCAGAAGAAACGCTAAAAGCCCTTAAAGGCTCGGTGAAAGATTTAGGTATCAATCCAGAATGGATTTCAAAAGTTGAAAACCTTAATGCAGCTTTGAATGAATTCAAAAATGGCAAAAATAAGGATTTCAGCAAGGTAACGCAAGCAAAAAGCGACCTTGAAAATTCCGTTAAAGATGTGATCATCAATCAAAAGATAACGGATAAAGTTGACAATCTCAATCAAGCGGTATCAGTGGCTAAAGCAACGGGTGATTTCAGTAGGGTAGAGCAAGCGTTAGCCGATCTCAAAAACTTCTCAAAGGAGCAATTGGCTCAACAAGCTCAAAAAAATGAAAGTCTCAATGCTGGAAAAAAATCTGAAATATATCAATCCGTTAAGAATGGTGTGAATGGAACCCTAGTCGGTAATGGGTTGTCTCAAGCAGAAGCCACAACTCTTTCTAAAAACTTTTCGGACATCAAGAAGGAGTTGGAAGCAAAACTTGGAAATTTCAATAACAATAACAAT------AAT---GG-ACTCA-AAA--AC-----GAACCCATTTATGCTAAAGTTAATAAAAAGAAAGCAGGACAAGCAGCTAGCCCTGAAGAACCCATTTACGCTCAAGTTGCTAAAAAGGTAAATGCAAAAATTGACCGACTCAATCAAATAGCAAGTGGTTTGGGTGGTGTAGGGCAAGCAGCGGGCTTCCCTTTGAAAAGGCATGATAAAGTTGATGATCTCAGTAAGATAGGGCGATCGGTTAGCCCTGAACCCATTTATGCTACGATTGATGATCTCGGCGGACCTTTCCCTTTGAAAAGGCATGATAAAGTTGATGATCTCAGTAAGGTAGGGCTTTCAAGGAATCAAGAATTGGCTCAGAAAATTGACAATCTCAATCAAGCGGTATCAGAAGCTAAAGCAGGTTTTTTTGGCAATCTAGAGCAAACGATAGACAATCTCAAAGATTCTACAAAACACAATCCCATGAATCTATGGGTTGAAAGTGCAAAAAAAGTGCCTGCTAGTTTGTCAGCGAAACTAGACAATTACGCTACTAACAGCTGCACACGCATTAAGAGCAATATCCGAAATGGAGCAATCAATGAAAAAGCGACCGGCATGCTAACGCAAAAAAACCCTGAGTGGCTTAAGCTCGTGAATGATAAGATAGTTGCGCATAATGTAGGAAGCGTTCCTTTGTCAGAGTATGATAAAATTGGCTTCAACCAGAAGAATATGAAAGATTATTCTGATTCGTTCAAGTTTTCCACCGAGTTGAACAATGCTGTAAAAGACATTAAGTCTGGCTTTACGCAATTTTTAGCCAATGCATTTTCTACAGGATATTACTGCTTGGCGAGGGAAAATGCAGAGCATGGAATCAAAAATGTTAATACAAAAGGTGGTTTCCAAAAATCTTAA
NZ_CP071982.1:542550-546107,PSK4.fas|lcl|134415,100.000,54,0,0,2839,2892,3041,3094,2.23e-20,100,3558,18221,plus,1,1,TTCCCTTTGAAAAGGCATGATAAAGTTGATGATCTCAGTAAGGTAGGGCTTTCA,TTCCCTTTGAAAAGGCATGATAAAGTTGATGATCTCAGTAAGGTAGGGCTTTCA
NZ_CP071982.1:542550-546107,PSK4.fas|lcl|134415,98.113,53,1,0,2941,2993,2939,2991,3.73e-18,93.5,3558,18221,plus,1,1,TTCCCTTTGAAAAGGCATGATAAAGTTGATGATCTCAGTAAGGTAGGGCGATC,TTCCCTTTGAAAAGGCATGATAAAGTTGATGATCTCAGTAAGATAGGGCGATC
NZ_CP071982.1:542550-546107,PSK4.fas|lcl|134415,89.062,64,6,1,2080,2143,2331,2393,1.05e-13,78.7,3558,18221,plus,1,1,TTGAAAGACTTTAATAAATCTTTTGATGAATTCAAAAATGGCAAAAATAAGGATTTCAGCAAGG,TTGAAA-ACCTTAATGCAGCTTTGAATGAATTCAAAAATGGCAAAAATAAGGATTTCAGCAAGG
NZ_CP071982.1:542550-546107,PSK4.fas|lcl|134415,97.727,44,0,1,2235,2278,2216,2258,1.35e-12,75.0,3558,18221,plus,1,1,TTTGAATGAATTCAAAAATGGCAAAAATAAGGATTTCAGCAAGG,TTTG-ATGAATTCAAAAATGGCAAAAATAAGGATTTCAGCAAGG
NZ_CP071982.1:542550-546107,PSA4.fas|lcl|132643,92.558,3561,244,7,1,3558,2376,5918,0.0,5090,3558,21029,plus,1,1,ATGACTAACGAAACTATTGACCAACAACCACAAACCGAAGCGGCTTTTAACCCGCAGCAATTTATCAATAATCTTCAAGTAGCTTTTCTTAAAGTTGATAACGCTGTCGCTTCATACGATCCTGATCAAAAACCAATCGTTGATAAGAACGATAGGGATAACAGGCAAGCTTTTGATGGAATCTCGCAATTAAGGGAAGAATACTCCAATAAAGCGATCAAAAATCCTACCAAAAAGAATCAGTATTTTTCAGACTTTATCAATAAGAGCAATGATTTAATCAACAAAGACGCTCTCATTGATGTGGAATCTTCCACAAAGAGCTTTCAGAAATTTGGGGATCAGCGTTACCAAATTTTCACAAGTTGGGTGTCCCATCAAAACGATCCGTCTAAAATCAACACCCGATCGATCCGAAATTTTATGGAACATACCATACAACCCCCTATCCCTGATGACAAAGAAAAAGCAGAGTTTTTGAAATCTGCCAAACAATCTTTTGCAGGAATCATTATAGGGAATCAAATCCGAACGGATCAAAAGTTCATGGGCGTGTTTGATGAATCTTTGAAAGAAAGGCAAGAAGCAGAAAAAAATGGAGGGTCTACTGGTGGGGATTGGTTGGATATTTTTTTATCATTTATATTTGACAAAAAACAATCTTCTGATGTCAAAGAAGCAATCAATCAAGAACCAGTTCCTCATATCCAACCAGATATAGCCACTAGCACCACCCACATACAAGGCTTACCGCCTGAATCTAGGGATTTGCTTGATGAAAGGGGTAATTTTTCTAAATTCACTCTTGGCGATATGGAAATGTTAGACGTTGAGGGCGTCGCCGACATGGATCCTAATTACAAGTTCAATCAATTATTGATTCACAATAACACTCTGTCTTCTGTGTTAATAGGGAGTCATGATGGCATAGAACCTGAAAAAGTTTCATTATTGTATGCGGGCAATGGTGGTTTTGGAGACAAGCACGATTGGAACGCCACCGTTGGCTATAAAGACCAACAAGGTAACAATGTGGCTACAATAATTAATGTGCATATGAAAAACGGCAGTGGCTTAGTCATAGCAGGTGGTGAGAAAGGGATTAACAACCCTAGTTTTTATCTCTACAAAGAAGACCAACTCACAGGCTCACAACGAGCATTGAGTCAAGAAGAGATCCTAAACAAAATAGATTTCATGGAATTTCTTGCACAAAACAATGCTAAATTAGACAACTTGAGCGAGAAAGAGAAAGAAAAATTCCAAAATGAGATTAAGGATTTTCAAAAAGACTCTAAGCCTTATTTAGACGCCCTAGGGAATGATCGTATTGCTTTTGTTTCTAAAAAAGACCCAAAACATTCAGCTTTAATTACTGAGTTTAATAAGGGGGATTTGAGCTACACTCTCAAAGATTATGGGAAAAAAGCAGATAAAGCTTTAGATAGGGAGAAAAATGTCACTCTCCAAGGTAACCTAAAACATGATGGCGTGATGTTTGTTAATTATTCTAATTTCAAATACACCAACGCCTCCAAGAGTCCCAATAAGGGTGTAGGCGTTACGAATGGCGTTTCCCATTTAGAAGCAGGCTTTAGCAAGGTAGCTGTCTTTAATTTGCCTAATTTAAATAATCTCGCTATCACTAGTGTCGTAAGGCGGGATTTAGAGGATAAACTAATCGCTAAAGGATTGTCCCCACAAGAAGCTAATAAGCTTGTCAAAGATTTTTTGAGCAGCAACAAAGAATTGGTTGGAAAAGCTTTAAACTTCAATAAAGCTGTAGCTGAAGCTAAAAACACAGGCAACTATGACGAGGTGAAACGAGCTCAGAAAGATCTTGAAAAATCTCTAAAGAAACGAGAGCATTTGGAGAAAGATGTAGCGAAAAATTTGGAGAGCAAAAGCGACAACAAAAATAAAATGGAAGCAAAATCTCAAGCTAACAGCCAAAAAGATGAGATTTTTGCGTTGATCAATAAAGAGGCTAATAGGGATGCAAGAGCAATCGCTTACGCTCAAAATCTTAAAGGCATCAAAAGGGAATTGTCTGATAAACTTGAAAATATCAACAAGGATTTGAAAGACTTTAATAAATCTTTTGATGAATTCAAAAATGGCAAAAATAAGGATTTCAGCAAGGCGGAAGAAACACTAAAAGCCCTTAAAGGCTCGGTGAAAGATTTAGGTATCAATCCGGAATGGATTTCAAAAGTTGAAAACCTTAATGCAGCTTTGAATGAATTCAAAAATGGCAAAAATAAGGATTTCAGCAAGGTAACGCAAGCAAAAAGCGACCTTGAAAATTCCATTAAAGATGTGATCATCAATCAAAAGATAACGGATAAAGTTGATAATCTCAATCAAGCGGTATCAGTGGCTAAAATAGCGGGCGATTTCAGTGGGGTAGAGCAAGCGTTAGCCGATCTCAAAAATTTCTCAAAGGAGCAATTGGCTCAACAAGCTCAAAAAAATGAAAGTTTCAATGTTGGAAAA---TCTGAAATATACCAATCCGTTAAGAATGGTGTGAACGGAACCCTAGTCGGTAATGGGTTATCTGGAATAGAGGCCACAGCTCTCGCCAAAAATTTTTCGGATATCAAGAAAGAATTGAATGAGAAATTTAAAAATTTCAACAACAATAATAATGGTCTCAAAAACGGCAAGGATAAAGGACCTGAAGAACCCATTTATGCTAAAGTTAATAAAAAGAAAGCAGGACAAGTAGCTAGCCCTGAAGAACCCATTTATACTCAAGTTGCTAAAAAGGTAAATGCAAAAATTGACCGACTCAATCAAATAGCAAGTGGTTTGGGTGGTGTAGGGCAAGCAGCGGGCTTCCCTTTGAAAAGGCATGATAAAGTTGATGATCTCAGTAAGGTAGGGCTTTCAGCTAGCCCTGAACCCATTTATGCTACGATTGATGATCTCGGCGGACCTTTCCCTTTGAAAAGGCATGATAAAGTTGATGATCTCAGTAAGGTAGGGCGATCAAGGGAGCAAGAGTTGACTCAGAAAATTGACAATCTCAGTCAAGCGGTATCAGAAGCTAAAGCAGGTTTTTTTGGCAATCTAGAACAAACGATAGACAATCTCAAAGATTTTACAAAAAACAATCCTGTGAATCTATGGGCTGAAAATGCAAAAAAAGTGCCTGCTAGTTTGTCAGCGAAACTAGACAATTACGCTACTAACAGCCACACACGCATTAATAGCAATATCCAAAATGGAGCGATCAATGAAAAAGCGACCGGTATGCTAACGCAAAAAAACCCTGAGTGGCTCAAGCTCGTGAATGATAAGATAGTTGCACATAATGTGGGAAGCGTTCCTTTGTCAGAGTATGATAAAATTGGCTTCAACCAGAAGAATATGAAAGATTATTCTGATTCGTTCAAGTTTTCCACCAAGTTGAACAATGCTGTAAAAGACGTTAAGTCTGGCTTTACGCAATTTTTAGCCAATGCATTTTCTACAGGATATTACTCCTTGGCACGAGAAAATGCAGAACATGGAATCAAAAATGCTAATACAAAAGGTGGTTTCCAAAAATCTTAA,ATGGCTAACGAAACCATTAACCAACAACCACAAACCGAAGCGGCTTTTAACCCGCAGCAATTTATCAATAATCTTCAAGTAGCTTTTATCAAAGTTGATAGTGCTGTCGCTTCATTTGATCCCGATCAAAAACCNATCGTTGATAAGAATGATAGGGATAACAGGCAAGCTTTTGAGAAAATCTCGCAACTAAGGGAGGGATTCGCTAATAAAGCGATCAAAAATCCTGCCAAAAAGAATCAGTATTTTTCAAACTTTATCAGTAAGAGCAGTGATTTAATCAACAAAGACAGTCTCATTGATACAGGTTCTTCCATAAAGAGCTTTCAGAAATTTGGGACTCAGCGTTACCAAATTTTTATGAATTGGGTGTCCCATCAAAAAGATCCATCTAAAATCAACACCCAAAAAATCCGAAATTTTATGGAAAATATCATACAACCCCCTATCTCTGATAATAAAGAAAAAGCGGAGTTTTTGAGGTCTGCCAAACAAGCTTTTGCAGGAATTATCATAGGAAACCAGATCCAATCAGATCAAAAATTCATGGGCGTGTTTGATGAATCTTTGAAAGAAAGGCAAGAAGCAGAAAAAAATGGAGAGCCTACTGGTGGGGATTGGCTTGATATTTTTTTATCATTTGTGTTTAACAAAAAACAATCTTCCGATCTCAAAGAAACACTAAATCAAGAACCAGTTCCTCATGTCCAACCAGATATAGCCACTACCACCACCGACATACAAGGCTTACCGCCTGAATCTAGGGGTTTGCTTGATGAAAGGGGTAATTTTTCTAAATTCACTCTTGGTGATATGGAAATGTTAGATGTTGAGGGAGTCGCTGACATTGATCCTAATTACAAGTTCAACCAATTATTGATTCACAATAACGCTCTGTCTTCTGTGTTAATGGGGAGTCATAATGGCATAGAACCTGAAAAAGTTTCATTATTGTATGGGGGCAATGGTGGTCCTGAAGCTAGGCATGATTGGAACGCTACCGTTGGTTATAAAGACCAACAAGGTAACAATGTGGCTACAATAATTAATGTGCATATGAAAAACGGCAGTGGCTTGGTCATAGCAGGTGGTGAGAAAGGGGTTAACAACCCTAGTTTTTATCTCTACAAAGAAGACCAGCTCACAGGATCACAACGAGCATTGAGTCAAGAAGAGATCCGAAACAAAGTAGATTTCATGGAATTTCTTGCACAAAATAATGCTAAATTAGACAACTTGAGCGAGAAAGAGAAAGAAAAATTCCGAACTGAGATTAAGGATTTCCAAAAAGACTCTAAGGCTTATTTAGACGCCCTAGGGAATGATCGCATTGCTTTTGTTTCTAAAAAAGACCCAAAACATTCAGCTTTAATTACTGAGTTTGGTAATGGGGATTTGAGCTACACTCTCAAAGATTATGGGAAAAAAGCAGATAAAGCTTTAGATAGGGAGAAAAATGTCACTCTTCAAGGTAGCCTAAAACATGATGGCGTGATGTTTGTTAATTATTCTAATTTCAAATACACCAACGCCTCCAAGAGTCCTGATAAGGGTGTGGGTGCTACGAATGGCGTTTCCCATTTGGAAGCAAATCTTAGCAAGGTAGCTATCTTTAATTTGCCTAATTTAAATAATCTCGCTATCAATAGTTATATAAGGCGAGACTTAGAAGATAAACTGTGGGCTAAAGGATTGTCCCCACAAGAAGCTAATAAGCTCATCAAAGACTTTTTGAACAGCAACAAAGAATTGGTTGAAAAAGCTTTAAACTTCAATAAAACTGTAGCTGAAGCTAAAAACACAGGCAATTATGACGAAGTGAAAAAAGCTCAGAAAGATCTTGAAAAATCTCTAAGGAAACGAGAGCATTTGGAGAAAGAAGTAGCGAAAAATTTGGAGAGCAAAAGCGGTAACAAAAACAAAATGGAAGCAAAATCTCAAGCTAACAGCAAAAAAGATGAGATTTTTGCGTTGATCAATAAAGAGGCTAATAGGGACGCAAGAGCAATCGCTTACGCTCAGAATCTTAAAGGCATCAAAAGGGAATTGTCTGATAAGCTTGAAAACATCAACAAGAATTTGAAAGACTTTGATAAATCTTTTGATGAATTCAAAAATGGCAAAAATAAGGATTTCAGCAAGACAGAAGAAACGCTAAAAGCCCTTAAAGGTTCGGTGAAAGATTTAGGTATCAATCCAGAATGGATTTCAAAAGTTGAAAACCTTAATGCAGCTTTGAATGAATTTAAAAATGGCAAAAATAAGGATTTCAGCAAGGTAACGCAAGCAAAAAGCGACCTTGAAAATTCCATTAAAGATGTGATCATCAATCAAAAGGTAACGGATAAAGTTGACAATCTCAATCAAGCGGTATCAATGGCTAAAGCAACGGGTGATTTCAGTAGGGTAGAGCAAGCGTTAGCCGATCTCAAAAACTTCTCAAAGGAGCAATTGGCCCAACAAGCTCAAAAAAATGAAGATTTCAATACTGGAAAAAATTCTGCACTATACCAATCCGTTAAGAATGGTGTGAATGGAACCCTAGTCGGTAATGGGTTATCTCAAGCAGAAGCCACAACTCTTTCTAAAAACTTTTCGGACATCAAGAAAGAGTTGAATGCAAAATTGGGGAATTTCAATAACAATAACAAT------AAT---GG-ACTCA-AAA--AC-----GAACCCATTTATGCTAAAGTTAATAAAAAGAAAGCAGGACAAGCAGCTAGCCCTGAAGAACCTATTTACGCTCAAGTTGCTAAAAAGGTAAATGCAAAAATTGACCGACTCAATCAAATAGCAAGTGGTTTGGGTGTTGTAGGGCAAGCAGCGGGCTTTCCTTTGAAAAGGCATGATAAAGTTGATGATCTCAGTAAGGTAGGGCTTTCAGCTAACCCTGAACCCATTTATGCTACGATTGATGATCTCGGCGGACCTTTCCCTTTGAAAAGGCATGATAAAGTTGATGATCTCAGTAAGGTAGGGCTTTCAAGGAATCAAGAATTGGCTCAGAAAATTGACAATCTCAATCAAGCGGTATCAGAAGCTAAAGCAGGTTTTTTTGGCAATCTAGAGCAAACGATAGACAAGCTCAAAGATTCTACAAAACACAATCCCATGAATCTATGGGTTGAAAGTGCAAAAAAAGTGCCTGCTAGTTTGTCAGCGAAACTAGACAATTACGCTACTAACAGCCACACACGCATTAATAGCAATATCCAAAGTGGAGCAATCAATGAAAAAGCGACCGGCATGCTAACGCAAAAAAACCCTGAGTGGCTCAAGATCGTGAATGATAAGATAGTTGCGCATAATGTGGGAAGCGTTCCTTTGTCAGAGTATGATAAAATTGGCTTCAACCAGAAGAATATGAAAGATTATTCTGATTCGTTCAAGTTTTCCACCAAGTTGAACAATGCTGCAAAAGACATTAAGTCTGGCTTTACGCAATTTTTAGCCAATGCATTTTCTACAGGATATTACTGCTTGGCGAGGGAAAATGCAGAGCATGGAGTCAAAAATACCAATACAAAAGGTGGTTTCCAAAAATCTTAA
NZ_CP071982.1:542550-546107,PSA4.fas|lcl|132643,100.000,54,0,0,2839,2892,5301,5354,2.23e-20,100,3558,21029,plus,1,1,TTCCCTTTGAAAAGGCATGATAAAGTTGATGATCTCAGTAAGGTAGGGCTTTCA,TTCCCTTTGAAAAGGCATGATAAAGTTGATGATCTCAGTAAGGTAGGGCTTTCA
NZ_CP071982.1:542550-546107,PSA4.fas|lcl|132643,98.039,51,0,1,2939,2989,5198,5247,1.74e-16,87.9,3558,21029,plus,1,1,CTTTCCCTTTGAAAAGGCATGATAAAGTTGATGATCTCAGTAAGGTAGGGC,CTTT-CCTTTGAAAAGGCATGATAAAGTTGATGATCTCAGTAAGGTAGGGC
NZ_CP071982.1:542550-546107,PSA4.fas|lcl|132643,97.674,43,0,1,2235,2277,4476,4517,4.86e-12,73.1,3558,21029,plus,1,1,TTTGAATGAATTCAAAAATGGCAAAAATAAGGATTTCAGCAAG,TTTG-ATGAATTCAAAAATGGCAAAAATAAGGATTTCAGCAAG
NZ_CP071982.1:542550-546107,PSA4.fas|lcl|132643,87.500,64,7,1,2080,2143,4591,4653,4.86e-12,73.1,3558,21029,plus,1,1,TTGAAAGACTTTAATAAATCTTTTGATGAATTCAAAAATGGCAAAAATAAGGATTTCAGCAAGG,TTGAAA-ACCTTAATGCAGCTTTGAATGAATTTAAAAATGGCAAAAATAAGGATTTCAGCAAGG
