Query_1,PSO1.fas|133837,94.252,1009,56,2,1,1008,764,1771,0.0,1541,1008,11930,plus,1,1,ATGTTAGTTACTCGCTTTAAAAAAGCTTTCATTTCTTATTCTTTAGGCGTGCTTGTCGCTTCATTATGGTTGAACGTGTGCAACGCTTCAGCGCAAGAAGTCAAAGTCAAGGATTATTTCGGGGAGCAAACCATCAAGCTTCCTGTTTCTAAAATAGCCTATATAGGGAGCTATGTAGAAGTGCCTGCCATGCTTAATGTTTGGAATAGGGTTGTAGGCGTTTCGGATTACGCTTTTAAAGACGATATTGTCAAAGCCACTCTCAAAGGCGAAGATCTTAAACGCGTCAAACACATGAGCACTGATCATACAGCCGCGCTAAATGTAGAGCTTTTAAAAAAGCTTAGCCCTGATCTTGTGGTAACCTTTGTGGGCAACCCTAAAGCGGTAGAGCATGCGAAAAAATTTGGTATATCATTTCTTTCTTTTCAAGAGACAACGATTGCAGAGGCCATGCAGGCCATGCAAGCTCAAGCCACGGTTTTAGAGATTGACGCTTCCAAAAAATTCGCCAAAATGCAAGAAACTTTGGATTTTATTGCTGAGCGTTTGAAAAATGTCAAAAAGAAAAAGGGGGTGGAGCTTTTCCATAAAGCCAATAAAATCAGCGGCCATCAAGCCATTAGCTCAGACATTTTAGAAAAAGGGGGCATAGACAATTTTGGCTTGAAATATGTCAAATTTGGGCGTGCTGACATTAGCGTGGAAAAAATCGTTAAAGAAAACCCTGAGATTATCTTTATTTGGTGGATAAGCCCACTCACGCCTGAAGATGTGTTAAACAACCCCAAATTTGCTACCATCAAAGCCATTAAAAACAAGCAGGTTTATAAACTCCCCACAATGGATATTGGCGGGCCTAGAGCCCCACTCATAAGTCTT-TTTATCGCTCTAAAAGCCCACCCTGAAGCCTTTAAGGGCGTGGATATTAATGCGATGGTTAAAGACTACTATAAAGTGGTTTTTGATTTGAATGATGCAGAGGTTGAGCCCTTTTTATGGCATTAA,ATGTTAGTTACTCGCTTTAAAAAAGCTTTCATTTCTTATTCTTTAGGCGCGCTTGTCGCTTCATTATTATTGAATGTGTGCAACGCTTCAGTGCAAGAGGTTAAAGTCAAGGATTATTTTGGGGATCAAACGATAAAGCTTCCTGTTTCTAAAATAGCCTATATAGGGAGCTATGTAGAAGTGCCTGCCATGCTTAATATTTGGAATAGGGTTGTAGGCGTTTCGGATTACGCTTTTAAAGACGATATTGTTAAAGCCACTCTCAAAGGCGAAGATCTTAAACGCATCAAACACATGAGCACTGATCATACAGCCGCGCTAAATGTGGAGCTTTTAAAAAAACTCAGCCCTGATCTTGTGGTAACCTTTGTGGGCAACCCTAAAGCGGTAGAGCATGCGAAAAAATTTGGTATTTCATTTCTTTCTTTCCAAGAGACAACGATTGCAGAGGCCATGCAGGCCATGCAAGCTCAAGCCACGGTCTTAGAAATTGACGCTTCTAAAAAATTCGCCAAAATGCAAGAAACTTTGGATTTTATTGCTGAGCGTTTGAAAGGTGTCAAAAAGAAAAAAGGGGTGGAGCTTTTCCATAAGGTCAATAAGATTAGCGGCCATCAAGCCATTAGCTCAGACATTTTAGAAAAAGGGGGTATAGACAATTTTGGCTTGAAATACGTTAAATTTGGGCGCGCTGACATTAGCGTGGAAAAAATCGTTAAAGAAAACCCTGAAATCATTTTCATCTGGTGGGTAAGCCCACTCACGCCTGAAGACGTGTTAAACAACCCCAAGTTTTCCACTATCAAAGCTATTAAAAACAAGCAAGTTTATAAACTCCCCACAATGGATATTGGCGGGCCTAGAGCCCCACTTATAAG-CTTATTTATTGCTTTAAAAGCCCACCCTGAAATGTTTAAAGGCGTGGATATTAATGCGATTGTTAAAGACTATTATAAAGTGGTTTTTGATTTGAATGATGCAGAGGTTGAACCCTTTTTATGGCATTAA
Query_1,PSO1.fas|133837,91.635,526,42,2,484,1008,43,567,0.0,726,1008,11930,plus,1,1,TTAGAGATTGACGCTTCCAAAAAATTCGCCAAAATGCAAGAAACTTTGGATTTTATTGCTGAGCGTTTGAAAAATGTCAAAAAGAAAAAGGGGGTGGAGCTTTTCCATAAAGCCAATAAAATCAGCGGCCATCAAGCCATTAGCTCAGACATTTTAGAAAAAGGGGGCATAGACAATTTTGGCTTGAAATATGTCAAATTTGGGCGTGCTGACATTAGCGTGGAAAAAATCGTTAAAGAAAACCCTGAGATTATCTTTATTTGGTGGATAAGCCCACTCACGCCTGAAGATGTGTTAAACAACCCCAAATTTGCTACCATCAAAGCCATTAAAAACAAGCAGGTTTATAAACTCCCCACAATGGATATTGGCGGGCCTAGAGCCCCACTCATAAGTCTTTT-TATCGCTCTAAAAGCCCACCCTGAAGCCTTTAAGGGCGTGGATATTAATGCGATGGTTAAAGACTACTATAAAGTGGTTTTTGATTTGAATGATGCAGAGGTTGAGCCCTTTTTATGGCATTAA,TTAGAAGTTGACGCTTCTAAAAAACTGGCCAAAATGCAAGAAACTTTGGATTTCATTGCTGAGCGTTTGAAAAATGTCAAAAAGAAAAAGGGCGTGGAGCTTTTCCATAAAGCCAATAAGATTAGCGGCCATCAAGCCCTTGATTCAGACATTTTAGACAAAGGGGGCATAGACAATTTTGGCTTGAAATACATCAAATTTGGGCGTGCTGACATTAGCGTGGAAAAAATCGTTAAAGAAAACCCTGAGATTATCTTTATTTGGTGGATAAGCCCGCTTAGCCCTGAAGATGTGTTGAACAACCCTAAATTTACTACTATTAAGGCCATCAAAAACAAGCAAGTTTATAAACTCCCCACAATGGATATTGGCGGTCCTAGAGCCCCACTCATTAG-CTTGTATATTGCCTTAAAAGCCCACCCTGAAGCCTTTAAGGGCGTGGATATTAATGCGATAGTCAAAGACTATTATAAGGTGGTTTTTGATTTGAATGATGCAGAAGTTGAACCATTCTTATGGCATTAA
Query_1,PSB3.fas|142443,94.042,1007,58,2,1,1006,35101,34096,0.0,1526,1008,35382,minus,1,-1,ATGTTAGTTACTCGCTTTAAAAAAGCTTTCATTTCTTATTCTTTAGGCGTGCTTGTCGCTTCATTATGGTTGAACGTGTGCAACGCTTCAGCGCAAGAAGTCAAAGTCAAGGATTATTTCGGGGAGCAAACCATCAAGCTTCCTGTTTCTAAAATAGCCTATATAGGGAGCTATGTAGAAGTGCCTGCCATGCTTAATGTTTGGAATAGGGTTGTAGGCGTTTCGGATTACGCTTTTAAAGACGATATTGTCAAAGCCACTCTCAAAGGCGAAGATCTTAAACGCGTCAAACACATGAGCACTGATCATACAGCCGCGCTAAATGTAGAGCTTTTAAAAAAGCTTAGCCCTGATCTTGTGGTAACCTTTGTGGGCAACCCTAAAGCGGTAGAGCATGCGAAAAAATTTGGTATATCATTTCTTTCTTTTCAAGAGACAACGATTGCAGAGGCCATGCAGGCCATGCAAGCTCAAGCCACGGTTTTAGAGATTGACGCTTCCAAAAAATTCGCCAAAATGCAAGAAACTTTGGATTTTATTGCTGAGCGTTTGAAAAATGTCAAAAAGAAAAAGGGGGTGGAGCTTTTCCATAAAGCCAATAAAATCAGCGGCCATCAAGCCATTAGCTCAGACATTTTAGAAAAAGGGGGCATAGACAATTTTGGCTTGAAATATGTCAAATTTGGGCGTGCTGACATTAGCGTGGAAAAAATCGTTAAAGAAAACCCTGAGATTATCTTTATTTGGTGGATAAGCCCACTCACGCCTGAAGATGTGTTAAACAACCCCAAATTTGCTACCATCAAAGCCATTAAAAACAAGCAGGTTTATAAACTCCCCACAATGGATATTGGCGGGCCTAGAGCCCCACTCATAAGTCTTTT-TATCGCTCTAAAAGCCCACCCTGAAGCCTTTAAGGGCGTGGATATTAATGCGATGGTTAAAGACTACTATAAAGTGGTTTTTGATTTGAATGATGCAGAGGTTGAGCCCTTTTTATGGCATT,ATGTTAGTTACTCGCTTTAAAAAAGCCTTCATTTCTTATTCTTTAGGCGCGCTTGTCGCTTCATTATTATTGAATGTGTGCAACGCTTCAGCGCAAGAAGTCAAAGTCAAGGATTATTTTGGGGAGCAAACGATAAAGCTTCCTGTTTCTAAAATAGCCTATATAGGGAGTTATGTAGAAGTGCCTGCCATGCTTAATGTTTGGAATAGGGTTGTAGGCGTTTCGGATTACGCTTTTAAAGATGACATTGTTAAAGCCACTCTCAAAGGCGAAGATCTTAAACGAGTCAAACACATGAGCACTGATCATACAGCCGCACTAAATGTAGAGCTTTTAAAAAAACTTAGCCCCGATCTTGTGGTAACCTTTGTGGGCAACCCTAAAGCGGTAGAGCATGCGAAAAAATTTGGGATATCATTTCTTTCTTTCCAAGAGACAACGATCGCAGAGGCCATGCAGGCCATACAAGCTCAAGCTGCAGTCTTAGAAATTGACGCTTCTAAAAAATTCGCCAAAATGCAAGAAACTTTGGATTTTATTGCTGAGCGTTTGAAAAATGTCAAAAAGAAAAAAGGGGTGGAGCTTTTCCACAAAGCCAATAAAATCAGTGGCCATCAGGCCATTAGCTCAGACATTTTAGAAAAAGGGGGTATAGACAATTTTGGCTTGAAATACGTCAAATTTGGGCGCGCTGACATTAGCGTGGAAAAAATCGTTAAAGAAAACCCTGAAATCATTTTCATTTGGTGGGTAAGCCCACTCACGCCTGAAGATATTTTAAACAACCCCAAGTTTTCCACTATCAAAGCCATTAAAAACAAGCAAGTTTATAAACTCCCCACAATGGATATAGGCGGACCTAGAGCCCCACTCATTAG-CTTGTATATCGCTTTAAAAGCCCACCCTGAAGCCTTTAAGGGTGCGGATATTAATGCGATAGTCAAAGACTATTATAAGGTGGTTTTTGATTTGAATGATGCAGAAGTTGAACCCTTTTTATGGCATT
Query_1,PSM1.fas|131582,93.855,1009,60,2,1,1008,2204,3211,0.0,1519,1008,54497,plus,1,1,ATGTTAGTTACTCGCTTTAAAAAAGCTTTCATTTCTTATTCTTTAGGCGTGCTTGTCGCTTCATTATGGTTGAACGTGTGCAACGCTTCAGCGCAAGAAGTCAAAGTCAAGGATTATTTCGGGGAGCAAACCATCAAGCTTCCTGTTTCTAAAATAGCCTATATAGGGAGCTATGTAGAAGTGCCTGCCATGCTTAATGTTTGGAATAGGGTTGTAGGCGTTTCGGATTACGCTTTTAAAGACGATATTGTCAAAGCCACTCTCAAAGGCGAAGATCTTAAACGCGTCAAACACATGAGCACTGATCATACAGCCGCGCTAAATGTAGAGCTTTTAAAAAAGCTTAGCCCTGATCTTGTGGTAACCTTTGTGGGCAACCCTAAAGCGGTAGAGCATGCGAAAAAATTTGGTATATCATTTCTTTCTTTTCAAGAGACAACGATTGCAGAGGCCATGCAGGCCATGCAAGCTCAAGCCACGGTTTTAGAGATTGACGCTTCCAAAAAATTCGCCAAAATGCAAGAAACTTTGGATTTTATTGCTGAGCGTTTGAAAAATGTCAAAAAGAAAAAGGGGGTGGAGCTTTTCCATAAAGCCAATAAAATCAGCGGCCATCAAGCCATTAGCTCAGACATTTTAGAAAAAGGGGGCATAGACAATTTTGGCTTGAAATATGTCAAATTTGGGCGTGCTGACATTAGCGTGGAAAAAATCGTTAAAGAAAACCCTGAGATTATCTTTATTTGGTGGATAAGCCCACTCACGCCTGAAGATGTGTTAAACAACCCCAAATTTGCTACCATCAAAGCCATTAAAAACAAGCAGGTTTATAAACTCCCCACAATGGATATTGGCGGGCCTAGAGCCCCACTCATAAGTCTTTTT-ATCGCTCTAAAAGCCCACCCTGAAGCCTTTAAGGGCGTGGATATTAATGCGATGGTTAAAGACTACTATAAAGTGGTTTTTGATTTGAATGATGCAGAGGTTGAGCCCTTTTTATGGCATTAA,ATGTTAGTTACTCGCTTTAAAAAAGCCTTCATTTCTTATTCTTTAGGCACGCTTGTCGCTTCATTATTATTGAATGTGTGCAACGCTTCAGTGCAAGAGGTTAAAGTCAAGGATTATTTTGGGGAGCAAACGATAAAGCTTCCTGTTTCTAAAATAGCCTATATAGGGAGCTATGTAGAAGTGCCTGCCATGCTTAATGTTTGGAATAGGGTTGTAGGCGTTTCGGATTACGCTTTTAAAGATGACATTGTTAAAGCCACTCTCAAAGGCGAAGATCTTAAACGCGTCAAACACATGAGCACTGATCATACAGCCGCACTAAATGTAGAGCTTTTAAAAAAGCTTAGCCCTGATCTTGTGGTAACCTTTGTGGGTAACCCTAAAGCGGTAGAGCATGCGAAAAAATTTGGTATATCATTTCTTTCTTTCCAAGAGACAACGATTGCAGAGGCCATGCAGGCCATGCAAGCTCAAGCTACGGTCTTAGAAATTGACGCTTCTAAAAAATTCGCCAAAATGCAAGAAACTTTGGATTTTATTGCTGAGCGTTTGAAAGGTGTTAAAAAGAAAAAGGGCGTGGAACTTTTCCATAAAGCCAATAAGATTAGTGGCCATCAAGCCATTAGCTCAGACATTTTAGAAAAAGGGGGCATAGACAATTTTGGCTTGAAATACGTTAAGTTTGGGCGCGCTGACATTAGCGTGGAAAAAATCGTTAAAGAAAACCCTGAAATCATTTTCATTTGGTGGGTAAGCCCACTCACGCCTGAAGACGTGTTAAACAACCCCAAATTTTCCACTATCAAAGCTATCAAAAACAAGCAAGTTTATAAACTTCCCACGATGGATATTGGCGGCCCTAGAGCCCCACTCATTAG-CTTGTACATCGCTTTAAAAGCCCACCCTGAAGCCTTTAAGGGCGTGGATATTAATGCGATAGTCAAAGACTATTATAAGGTGGTTTTTGATTTGAATGATGCAGAAGTTGAACCCTTCTTATGGCATTAA
Query_1,PSM1.fas|131582,87.487,999,117,3,11,1008,1013,2004,0.0,1146,1008,54497,plus,1,1,CTCGCTTTAAAAAAGCTTTCATTTCTTATTCTTTAGGCGTGCTTGTCGCTTCATTATGGTTGAACGTGTGC-AACGCTTCAGCGCAAGAAGTCAAAGTCAAGGATTATTTCGGGGAGCAAACCATCAAGCTTCCTGTTTCTAAAATAGCCTATATAGGGAGCTATGTAGAAGTGCCTGCCATGCTTAATGTTTGGAATAGGGTTGTAGGCGTTTCGGATTACGCTTTTAAAGACGATATTGTCAAAGCCACTCTCAAAGGCGAAGATCTTAAACGCGTCAAACACATGAGCACTGATCATACAGCCGCGCTAAATGTAGAGCTTTTAAAAAAGCTTAGCCCTGATCTTGTGGTAACCTTTGTGGGCAACCCTAAAGCGGTAGAGCATGCGAAAAAATTTGGTATATCATTTCTTTCTTTTCAAGAGACAACGATTGCAGAGGCCATGCAGGCCATGCAAGCTCAAGCCACGGTTTTAGAGATTGACGCTTCCAAAAAATTCGCCAAAATGCAAGAAACTTTGGATTTTATTGCTGAGCGTTTGAAAAATGTCAAAAAGAAAAAGGGGGTGGAGCTTTTCCATAAAGCCAATAAAATCAGCGGCCATCAAGCCATTAGCTCAGACATTTTAGAAAAAGGGGGCATAGACAATTTTGGCTTGAAATATGTCAAATTTGGGCGTGCTGACATTAGCGTGGAAAAAATCGTTAAAGAAAACCCTGAGATTATCTTTATTTGGTGGATAAGCCCACTCACGCCTGAAGATGTGTTAAACAACCCCAAATTTGCTACCATCAAAGCCATTAAAAACAAGCAGGTTTATAAACTCCCCACAATGGATATTGGCGGGCCTAGAGCCCCACTCATAAGTCTTTTTATCGCTCTAAAAGCCCACCCTGAAGCCTTTAAGGGCGTGGATATTAATGCGATGGTTAAAGACTACTATAAAGTGGTTTTTGATTTGAATGATGCAGAGGTTGAGCCCTTTTTATGGCATTAA,CTCGCTTTAAAAAAGCTTTAATTTCCTATTCTTTAGGTGCACTTATTGTTTCATCGTTATTAGGCGTG-GCTAACGCTTCAGTGCAAGAAGTCAAAGTCAAGGATTATTTTGGGGAGCAAACGATAAGGCTTCCTGTTTCTAAAATAATCTACTTGGGCAGCTTTGCAGAAGTGCCTGCCATGTTCAATACTTGGGATAGGGTCGTGGGCATTTCGGATTACGCTTTTAAATCTGATATTGTTAAAGCCACCCTCA------AAGATCCTAAACGCATTAAATCCATGAGCAGTGATCATGTGGCGGCGTTGAATGTGGAGCTTTTAAAAAAACTTAGCCCTGATCTTGTGGTAACCTTTGTGGGCAACCCTAAAGCGGTAGAGCATGCGAAAAAATTTGGTATATCATTCCTTTCTTTCCAAGAAAAAACCATTGCAGAAGTCATGGAAGATATTGACGCTCAAGCTAAAGCCTTAGAAGTTGACGCTTCTAAAAAATTCGCCAAAATGCAAGAAACTTTGGATTTTATCAAAGAGCGCTTGAAAAATGTCAAAAAGAAAAAAGGGGTGGAACTTTTCCATAAAGCCAATAAGATTAGCGGTCATCAAGCCCTTGATTCAGACATTTTAGAAAAAGGGGGTATAGATAATTTTGGCTTGAAATACGTCAAATTTGGGCGCGCTGACATTAGCGTGGAAAAAATCGTTAAAGAAAACCCTGAGATTATCTTTATTTGGTGGATAAGCCCGCTTAACCCTGAAGATGTGTTAAACAACCCTAAATTTGCTACTATTAAGGCCATCAAAAACAAGCAAGTTTATAAACTCCCCACGATGGATATTGGCGGGCCTAGAGCCCCACTCATTAGTCTTTTTATCGCTTTAAAAGCCCACCCTGAAGCGTTTAAGGGCGTAGATATTAATGCGATGGTGAAAGATTATTATAAGGTGGTTTTTGATTTGAATGATGCAGAAATTGAACCCTTTTTATGGCATTAA
Query_1,PSG4.fas|lcl|128835,93.855,1009,60,2,1,1008,19168,20175,0.0,1519,1008,71461,plus,1,1,ATGTTAGTTACTCGCTTTAAAAAAGCTTTCATTTCTTATTCTTTAGGCGTGCTTGTCGCTTCATTATGGTTGAACGTGTGCAACGCTTCAGCGCAAGAAGTCAAAGTCAAGGATTATTTCGGGGAGCAAACCATCAAGCTTCCTGTTTCTAAAATAGCCTATATAGGGAGCTATGTAGAAGTGCCTGCCATGCTTAATGTTTGGAATAGGGTTGTAGGCGTTTCGGATTACGCTTTTAAAGACGATATTGTCAAAGCCACTCTCAAAGGCGAAGATCTTAAACGCGTCAAACACATGAGCACTGATCATACAGCCGCGCTAAATGTAGAGCTTTTAAAAAAGCTTAGCCCTGATCTTGTGGTAACCTTTGTGGGCAACCCTAAAGCGGTAGAGCATGCGAAAAAATTTGGTATATCATTTCTTTCTTTTCAAGAGACAACGATTGCAGAGGCCATGCAGGCCATGCAAGCTCAAGCCACGGTTTTAGAGATTGACGCTTCCAAAAAATTCGCCAAAATGCAAGAAACTTTGGATTTTATTGCTGAGCGTTTGAAAAATGTCAAAAAGAAAAAGGGGGTGGAGCTTTTCCATAAAGCCAATAAAATCAGCGGCCATCAAGCCATTAGCTCAGACATTTTAGAAAAAGGGGGCATAGACAATTTTGGCTTGAAATATGTCAAATTTGGGCGTGCTGACATTAGCGTGGAAAAAATCGTTAAAGAAAACCCTGAGATTATCTTTATTTGGTGGATAAGCCCACTCACGCCTGAAGATGTGTTAAACAACCCCAAATTTGCTACCATCAAAGCCATTAAAAACAAGCAGGTTTATAAACTCCCCACAATGGATATTGGCGGGCCTAGAGCCCCACTCATAAGTCTTTTT-ATCGCTCTAAAAGCCCACCCTGAAGCCTTTAAGGGCGTGGATATTAATGCGATGGTTAAAGACTACTATAAAGTGGTTTTTGATTTGAATGATGCAGAGGTTGAGCCCTTTTTATGGCATTAA,ATGTTAGTTACTCGCTTTAAAAAAGCCTTCATTTCTTATTCTTTAGGCACGCTTGTCGCTTCATTATTATTGAATGTGTGCAACGCTTCAGTGCAAGAGGTTAAAGTCAAGGATTATTTTGGGGAGCAAACGATAAAGCTTCCTGTTTCTAAAATAGCCTATATAGGGAGCTATGTAGAAGTGCCTGCCATGCTTAATGTTTGGAATAGGGTTGTAGGCGTTTCGGATTACGCTTTTAAAGATGACATTGTTAAAGCCACTCTCAAAGGCGAAGATCTTAAACGCGTCAAACACATGAGCACTGATCATACAGCCGCACTAAATGTAGAGCTTTTAAAAAAGCTTAGCCCTGATCTTGTGGTAACCTTTGTGGGTAACCCTAAAGCGGTAGAGCATGCGAAAAAATTTGGTATATCATTTCTTTCTTTCCAAGAGACAACGATTGCAGAGGCCATGCAGGCCATGCAAGCTCAAGCTACGGTCTTAGAAATTGACGCTTCTAAAAAATTCGCCAAAATGCAAGAAACTTTGGATTTTATTGCTGAGCGTTTGAAAGGTGTTAAAAAGAAAAAGGGCGTGGAACTTTTCCATAAAGCCAATAAGATTAGTGGCCATCAAGCCATTAGCTCAGACATTTTAGAAAAAGGGGGCATAGACAATTTTGGCTTGAAATACGTTAAGTTTGGGCGCGCTGACATTAGCGTGGAAAAAATCGTTAAAGAAAACCCTGAAATCATTTTCATTTGGTGGGTAAGCCCACTCACGCCTGAAGACGTGTTAAACAACCCCAAATTTTCCACTATCAAAGCTATCAAAAACAAGCAAGTTTATAAACTTCCCACGATGGATATTGGCGGCCCTAGAGCCCCACTCATTAG-CTTGTACATCGCTTTAAAAGCCCACCCTGAAGCCTTTAAGGGCGTGGATATTAATGCGATAGTCAAAGACTATTATAAGGTGGTTTTTGATTTGAATGATGCAGAAGTTGAACCCTTCTTATGGCATTAA
Query_1,PSG4.fas|lcl|128835,87.487,999,117,3,11,1008,17977,18968,0.0,1146,1008,71461,plus,1,1,CTCGCTTTAAAAAAGCTTTCATTTCTTATTCTTTAGGCGTGCTTGTCGCTTCATTATGGTTGAACGTGTGC-AACGCTTCAGCGCAAGAAGTCAAAGTCAAGGATTATTTCGGGGAGCAAACCATCAAGCTTCCTGTTTCTAAAATAGCCTATATAGGGAGCTATGTAGAAGTGCCTGCCATGCTTAATGTTTGGAATAGGGTTGTAGGCGTTTCGGATTACGCTTTTAAAGACGATATTGTCAAAGCCACTCTCAAAGGCGAAGATCTTAAACGCGTCAAACACATGAGCACTGATCATACAGCCGCGCTAAATGTAGAGCTTTTAAAAAAGCTTAGCCCTGATCTTGTGGTAACCTTTGTGGGCAACCCTAAAGCGGTAGAGCATGCGAAAAAATTTGGTATATCATTTCTTTCTTTTCAAGAGACAACGATTGCAGAGGCCATGCAGGCCATGCAAGCTCAAGCCACGGTTTTAGAGATTGACGCTTCCAAAAAATTCGCCAAAATGCAAGAAACTTTGGATTTTATTGCTGAGCGTTTGAAAAATGTCAAAAAGAAAAAGGGGGTGGAGCTTTTCCATAAAGCCAATAAAATCAGCGGCCATCAAGCCATTAGCTCAGACATTTTAGAAAAAGGGGGCATAGACAATTTTGGCTTGAAATATGTCAAATTTGGGCGTGCTGACATTAGCGTGGAAAAAATCGTTAAAGAAAACCCTGAGATTATCTTTATTTGGTGGATAAGCCCACTCACGCCTGAAGATGTGTTAAACAACCCCAAATTTGCTACCATCAAAGCCATTAAAAACAAGCAGGTTTATAAACTCCCCACAATGGATATTGGCGGGCCTAGAGCCCCACTCATAAGTCTTTTTATCGCTCTAAAAGCCCACCCTGAAGCCTTTAAGGGCGTGGATATTAATGCGATGGTTAAAGACTACTATAAAGTGGTTTTTGATTTGAATGATGCAGAGGTTGAGCCCTTTTTATGGCATTAA,CTCGCTTTAAAAAAGCTTTAATTTCCTATTCTTTAGGTGCACTTATTGTTTCATCGTTATTAGGCGTG-GCTAACGCTTCAGTGCAAGAAGTCAAAGTCAAGGATTATTTTGGGGAGCAAACGATAAGGCTTCCTGTTTCTAAAATAATCTACTTGGGCAGCTTTGCAGAAGTGCCTGCCATGTTCAATACTTGGGATAGGGTCGTGGGCATTTCGGATTACGCTTTTAAATCTGATATTGTTAAAGCCACCCTCA------AAGATCCTAAACGCATTAAATCCATGAGCAGTGATCATGTGGCGGCGTTGAATGTGGAGCTTTTAAAAAAACTTAGCCCTGATCTTGTGGTAACCTTTGTGGGCAACCCTAAAGCGGTAGAGCATGCGAAAAAATTTGGTATATCATTCCTTTCTTTCCAAGAAAAAACCATTGCAGAAGTCATGGAAGATATTGACGCTCAAGCTAAAGCCTTAGAAGTTGACGCTTCTAAAAAATTCGCCAAAATGCAAGAAACTTTGGATTTTATCAAAGAGCGCTTGAAAAATGTCAAAAAGAAAAAAGGGGTGGAACTTTTCCATAAAGCCAATAAGATTAGCGGTCATCAAGCCCTTGATTCAGACATTTTAGAAAAAGGGGGTATAGATAATTTTGGCTTGAAATACGTCAAATTTGGGCGCGCTGACATTAGCGTGGAAAAAATCGTTAAAGAAAACCCTGAGATTATCTTTATTTGGTGGATAAGCCCGCTTAACCCTGAAGATGTGTTAAACAACCCTAAATTTGCTACTATTAAGGCCATCAAAAACAAGCAAGTTTATAAACTCCCCACGATGGATATTGGCGGGCCTAGAGCCCCACTCATTAGTCTTTTTATCGCTTTAAAAGCCCACCCTGAAGCGTTTAAGGGCGTAGATATTAATGCGATGGTGAAAGATTATTATAAGGTGGTTTTTGATTTGAATGATGCAGAAATTGAACCCTTTTTATGGCATTAA
Query_1,PSO2.fas|133890,93.725,1004,63,0,1,1004,30001,31004,0.0,1506,1008,162990,plus,1,1,ATGTTAGTTACTCGCTTTAAAAAAGCTTTCATTTCTTATTCTTTAGGCGTGCTTGTCGCTTCATTATGGTTGAACGTGTGCAACGCTTCAGCGCAAGAAGTCAAAGTCAAGGATTATTTCGGGGAGCAAACCATCAAGCTTCCTGTTTCTAAAATAGCCTATATAGGGAGCTATGTAGAAGTGCCTGCCATGCTTAATGTTTGGAATAGGGTTGTAGGCGTTTCGGATTACGCTTTTAAAGACGATATTGTCAAAGCCACTCTCAAAGGCGAAGATCTTAAACGCGTCAAACACATGAGCACTGATCATACAGCCGCGCTAAATGTAGAGCTTTTAAAAAAGCTTAGCCCTGATCTTGTGGTAACCTTTGTGGGCAACCCTAAAGCGGTAGAGCATGCGAAAAAATTTGGTATATCATTTCTTTCTTTTCAAGAGACAACGATTGCAGAGGCCATGCAGGCCATGCAAGCTCAAGCCACGGTTTTAGAGATTGACGCTTCCAAAAAATTCGCCAAAATGCAAGAAACTTTGGATTTTATTGCTGAGCGTTTGAAAAATGTCAAAAAGAAAAAGGGGGTGGAGCTTTTCCATAAAGCCAATAAAATCAGCGGCCATCAAGCCATTAGCTCAGACATTTTAGAAAAAGGGGGCATAGACAATTTTGGCTTGAAATATGTCAAATTTGGGCGTGCTGACATTAGCGTGGAAAAAATCGTTAAAGAAAACCCTGAGATTATCTTTATTTGGTGGATAAGCCCACTCACGCCTGAAGATGTGTTAAACAACCCCAAATTTGCTACCATCAAAGCCATTAAAAACAAGCAGGTTTATAAACTCCCCACAATGGATATTGGCGGGCCTAGAGCCCCACTCATAAGTCTTTTTATCGCTCTAAAAGCCCACCCTGAAGCCTTTAAGGGCGTGGATATTAATGCGATGGTTAAAGACTACTATAAAGTGGTTTTTGATTTGAATGATGCAGAGGTTGAGCCCTTTTTATGGCA,ATGTTAGTTACTCGCTTTAAAAAAGCTTTCATTTCTTATTCTTTAGGCGCGCTTGTCGCTTCATTATTATTGAATGTGTGCAACGCTTCAGTGCAAGAAGTCAAAGTCAAAGATTATTTTGGGGATCAAACGATAAAGCTTCCCGTTTCTAAAATAGCCTATATAGGGAGTTATGTAGAAGTGCCTGCCATGCTTAATGTTTGGAATAGGGTTGTAGGCGTTTCGGATTACGCTTTTAAAGATGACATTGTTAAAGCCACTCTCAAAGGCGAAGATCTTAAACGCGTCAAACACATGAGCACCGATCATACAGCCGCATTGAATGTGGAGCTTTTGAAAAAACTTAGCCCTGATCTTGTGGTAACCTTTGTGGGCAACCCTAAAGCCGTAGAGCATGCGAAAAAATTTGGTATATCATTCCTTTCTTTCCAAGAGACAACGATTGCAGAGGCCATGCAAGCCATGCAAGCTCAAGCCACGGTCTTAGAAATTGACGCTTCTAAAAAATTCGCCAAAATGCAAGAAACTTTGGACTTTATTGCTGAGCGTTTGAAGGGCGTTAAAAAGAAAAAGGGGGTGGAACTTTTCCATAAAGCCAATAAAATTAGCGGTCATCAAGCCATTAGCTCAGACATTTTAGAAAAAGGGGGCATAGACAATTTTGGCTTGAAATACGTTAAGTTTGGGCGTGCTGACATTAGCGTGGAAAAAATCGTTAAAGAAAACCCTGAAATCATTTTCATTTGGTGGGTAAGCCCACTCACGCCTGAAGACGTGTTAAACAACCCCAAATTTTCCACTATCAAAGCCATTAAAAACAAGCAAGTTTATAAACTCCCCACGATGGATATTGGCGGTCCTAGAGCCCCACTCATTAGTCTTTTTATCGCTTTAAAAGCCCACCCAGAAGCGTTTAAGGGTGTGGATATTAATGCGATGGTTAAAGACTACTATAAAGTGGTTTTTGATTTGAATGATACAGAAGTTGAACCATTCTTATGGCA
Query_1,PSD2.fas|lcl|140663,87.537,1003,112,8,11,1008,1616,622,0.0,1147,1008,1799,minus,1,-1,CTCGCTTTAAAAAAGCTTTCATTTCTTATTCTTTAGGCGTGCTTGTCGCTTCAT-TATGGT-TGA-ACGTGTGC-AACGCTTCAGCGCAAGAAGTCAAAGTCAAGGATTATTTCGGGGAGCAAACCATCAAGCTTCCTGTTTCTAAAATAGCCTATATAGGGAGCTATGTAGAAGTGCCTGCCATGCTTAATGTTTGGAATAGGGTTGTAGGCGTTTCGGATTACGCTTTTAAAGACGATATTGTCAAAGCCACTCTCAAAGGCGAAGATCTTAAACGCGTCAAACACATGAGCACTGATCATACAGCCGCGCTAAATGTAGAGCTTTTAAAAAAGCTTAGCCCTGATCTTGTGGTAACCTTTGTGGGCAACCCTAAAGCGGTAGAGCATGCGAAAAAATTTGGTATATCATTTCTTTCTTTTCAAGAGACAACGATTGCAGAGGCCATGCAGGCCATGCAAGCTCAAGCCACGGTTTTAGAGATTGACGCTTCCAAAAAATTCGCCAAAATGCAAGAAACTTTGGATTTTATTGCTGAGCGTTTGAAAAATGTCAAAAAGAAAAAGGGGGTGGAGCTTTTCCATAAAGCCAATAAAATCAGCGGCCATCAAGCCATTAGCTCAGACATTTTAGAAAAAGGGGGCATAGACAATTTTGGCTTGAAATATGTCAAATTTGGGCGTGCTGACATTAGCGTGGAAAAAATCGTTAAAGAAAACCCTGAGATTATCTTTATTTGGTGGATAAGCCCACTCACGCCTGAAGATGTGTTAAACAACCCCAAATTTGCTACCATCAAAGCCATTAAAAACAAGCAGGTTTATAAACTCCCCACAATGGATATTGGCGGGCCTAGAGCCCCACTCATAAGTCTT-TTTATCGCTCTAAAAGCCCACCCTGAAGCCTTTAAGGGCGTGGATATTAATGCGATGGTTAAAGACTACTATAAAGTGGTTTTTGATTTGAATGATGCAGAGGTTGAGCCCTTTTTATGGCATTAA,CTCGCTTTAAAAAAGCTTTAATCTCTTGTTCTTTAGGCACGCTCATTGTTTCATCTTTTTTATTAGGCGTG-GCTAACGCTTCTAATCAAGAGATCCAAGTCAAGGATTATTTTGGGGAGCAAACCATAAAGCTTCCTGTTTCTAAAATAATCTACTTGGGCAGCTTTGCAGAAGTACCTGCCATGTTCAATACTTGGGATAGGGTCGTGGGCATTTCGGATTACGCTTTTAAATCCGATATTGTTAAAGCCACTCTCAAAG------ATCCTAAACGCATTAAATCCATGAGCAGCGATCATGTGGCAGCGTTGAATGTGGAGCTTTTAAAAAAACTTAGCCCTGATCTTGTGGTAACCTTTGTGGGCAACCCTAAAGCGGTAGAGCATGCGAAAAAATTTGGTATATCATTCCTTTCTTTCCAAGAAAAAACCATTGCAGAAGTCATGGAAGATATTGACGCTCAAGCTAAAGCCTTAGAGGTTGATGCTTCTAAAAAATTGGCCAAAATGCAAGAAACTTTGGATTTCATTGCTGAGCGTTTGAAGGGCGTTAAAAAGAAAAAGGGCGTGGAGCTTTTCCATAAAGCCAATAAAATCAGCGGTCATCAAGCCCTTGATTCAGACATTTTAGAAAAAGGGGGCATAGACAATTTTGGCTTGAAATACGTTAAGTTTGGGCGTGCTGACATTAGCGTGGAAAAAATCGTTAAAGAAAACCCTGAGATTATCTTTATTTGGTGGGTAAGCCCACTCACGCCTGAAGATGTGTTAAACAACCCCAAGTTTTCCACTATCAAAGCCATCAAAAACAAACAAGTTTATAAGCTCCCCACAATGGATATTGGCGGGCCTAGGGCCCCACTCATTAG-CTTATTTATCGCTTTAAAAGCCCACCCTGAAGCCTTTAAGGGTGTGGATATTAATGCGATTGTTAAAGACTATTATAAAGTGGTTTTTGATTTGAACGATGCAGAGGTTGAGCCCTTTTTATGGCATTAA
Query_1,PSE2.fas|141741,87.387,999,118,3,11,1008,12121,13112,0.0,1140,1008,18249,plus,1,1,CTCGCTTTAAAAAAGCTTTCATTTCTTATTCTTTAGGCGTGCTTGTCGCTTCATTATGGTTGAACGTGTGC-AACGCTTCAGCGCAAGAAGTCAAAGTCAAGGATTATTTCGGGGAGCAAACCATCAAGCTTCCTGTTTCTAAAATAGCCTATATAGGGAGCTATGTAGAAGTGCCTGCCATGCTTAATGTTTGGAATAGGGTTGTAGGCGTTTCGGATTACGCTTTTAAAGACGATATTGTCAAAGCCACTCTCAAAGGCGAAGATCTTAAACGCGTCAAACACATGAGCACTGATCATACAGCCGCGCTAAATGTAGAGCTTTTAAAAAAGCTTAGCCCTGATCTTGTGGTAACCTTTGTGGGCAACCCTAAAGCGGTAGAGCATGCGAAAAAATTTGGTATATCATTTCTTTCTTTTCAAGAGACAACGATTGCAGAGGCCATGCAGGCCATGCAAGCTCAAGCCACGGTTTTAGAGATTGACGCTTCCAAAAAATTCGCCAAAATGCAAGAAACTTTGGATTTTATTGCTGAGCGTTTGAAAAATGTCAAAAAGAAAAAGGGGGTGGAGCTTTTCCATAAAGCCAATAAAATCAGCGGCCATCAAGCCATTAGCTCAGACATTTTAGAAAAAGGGGGCATAGACAATTTTGGCTTGAAATATGTCAAATTTGGGCGTGCTGACATTAGCGTGGAAAAAATCGTTAAAGAAAACCCTGAGATTATCTTTATTTGGTGGATAAGCCCACTCACGCCTGAAGATGTGTTAAACAACCCCAAATTTGCTACCATCAAAGCCATTAAAAACAAGCAGGTTTATAAACTCCCCACAATGGATATTGGCGGGCCTAGAGCCCCACTCATAAGTCTTTTTATCGCTCTAAAAGCCCACCCTGAAGCCTTTAAGGGCGTGGATATTAATGCGATGGTTAAAGACTACTATAAAGTGGTTTTTGATTTGAATGATGCAGAGGTTGAGCCCTTTTTATGGCATTAA,CTCGCTTTAAAAAAGCTTTAATTTCCTATTCTTTAGGTGCACTCATTGTTTCATCTTTATTAGGCGTG-GCTAACGCTTCTAATCAAGAAGTCAAAGTCAAGGATTATTTCGGGGAGCAAACGATAAAGCTTCCTGTTTCTAAAATAATCTACTTGGGTAGCTTTGCAGAAGTGCCTGCCATGTTCCATACTTGGGATAGGGTCGTGGGCATTTCGGATTACGCTTTTAAATCCGATATTGTTAAAGCCACTCTCA------AAGATCCTAAACGCATTAAACCCATGAGCAGCGATCATGTGGCGGCGTTGAATGTGGAGCTTTTAAAGAAACTTAGCCCTGATCTTGTGGTAACCTTTGTAGGCAACCCTAAAGCGGTAGAGCATGCGAAAAAATTTGGTATATCATTCCTTTCTTTCCAAGAAAAAACCATTGCAGAAGTCATGGAAGATATTGACGCTCAAGCTAAAGCCTTAGAAGTTGATGCTTCTAAAAAACTGGCCAAAATGCAAGAAACTTTGGATTTCATTGCTGAGCGTTTGAAAGGCGTTAAAAAGAAAAAAGGGGTGGAGCTTTTCCATAAGGCCAATAAGATTAGCGGCCATCAAGCCCTTGATTCAGATATTTTAGAAAAAGGGGGTATAGACAATTTTGGCTTGAAATACGTTAAGTTTGGGCGTGCTGACATTAGCGTGGAAAAAATCGTTAAAGAAAACCCTGAGATTATCTTTATTTGGTGGATAAGCCCGCTTAGCCCTGAAGATGTGTTAAACAACCCCAAGTTTGCTACCATCAAAGCCATCAAAAACAAGCAAGTCTATAAACTCCCCACAATGGATATTGGCGGGCCTAGAGCCCCACTCATTAGCCTTTTTATCGCTTTAAAAGCCCACCCTGAAGCCTTTAAGGGCGTGGATATTAATGCGATAGTCAAAGACTATTATAAGGTGGTTTTTGATTTGAATGACGCAGAGGTTGAACCCTTTTTATGGCATTAA
Query_1,PSA4.fas|lcl|132669,87.009,993,120,4,16,1006,79660,80645,0.0,1110,1008,111728,plus,1,1,TTT-AAAAAAGCTTTCATTTCTTATTCTTTAGGCGTGCTTGTCGCTTCATTATGGTTGAACGTGTGC-AACGCTTCAGCGCAAGAAGTCAAAGTCAAGGATTATTTCGGGGAGCAAACCATCAAGCTTCCTGTTTCTAAAATAGCCTATATAGGGAGCTATGTAGAAGTGCCTGCCATGCTTAATGTTTGGAATAGGGTTGTAGGCGTTTCGGATTACGCTTTTAAAGACGATATTGTCAAAGCCACTCTCAAAGGCGAAGATCTTAAACGCGTCAAACACATGAGCACTGATCATACAGCCGCGCTAAATGTAGAGCTTTTAAAAAAGCTTAGCCCTGATCTTGTGGTAACCTTTGTGGGCAACCCTAAAGCGGTAGAGCATGCGAAAAAATTTGGTATATCATTTCTTTCTTTTCAAGAGACAACGATTGCAGAGGCCATGCAGGCCATGCAAGCTCAAGCCACGGTTTTAGAGATTGACGCTTCCAAAAAATTCGCCAAAATGCAAGAAACTTTGGATTTTATTGCTGAGCGTTTGAAAAATGTCAAAAAGAAAAAGGGGGTGGAGCTTTTCCATAAAGCCAATAAAATCAGCGGCCATCAAGCCATTAGCTCAGACATTTTAGAAAAAGGGGGCATAGACAATTTTGGCTTGAAATATGTCAAATTTGGGCGTGCTGACATTAGCGTGGAAAAAATCGTTAAAGAAAACCCTGAGATTATCTTTATTTGGTGGATAAGCCCACTCACGCCTGAAGATGTGTTAAACAACCCCAAATTTGCTACCATCAAAGCCATTAAAAACAAGCAGGTTTATAAACTCCCCACAATGGATATTGGCGGGCCTAGAGCCCCACTCATAAGTCTTTTTATCGCTCTAAAAGCCCACCCTGAAGCCTTTAAGGGCGTGGATATTAATGCGATGGTTAAAGACTACTATAAAGTGGTTTTTGATTTGAATGATGCAGAGGTTGAGCCCTTTTTATGGCATT,TTTGAAAAAAGCCTTAATTTCTTGTTCTTTAGGGGTTCTTCTTGTTTCATCGTTATTGGGCGTG-GCTAGTGCTTCAGTGCAAGAAGTTAAAGTCAAGGATTATTTTGGGGATCAAGCCATCAAGCTTCCTGTTTCTAAAATAATCTACTTGGGTAGCTTTGCAGAAGTGCCTGCTATGTTCCATACTTGGGATAGGGTCGTGGGCATTTCGGATTACGCTTTTAAATCTGATATTGTTAAAGCCACTCTCA------AAGATCCTAAACGCATTAAATCCATGAGCAGCGATCATGTGGCAGCATTGAATGTGGAGCTTTTAAAAAAGCTTAGCCCTGATCTTGTGGTAACCTTTGTGGGCAACCCTAAAGCGGTAGAGCATGCGAAAAAATTTGGTATATCATTTCTTTCTTTCCAAGAAAAAACCATTGCAGAAGTCATGGAAGATATTGACGCTCAAGCTAAAGCCTTAGAAATTGACGCTTCTAAAAAACTCGCCAAAATGCAAGAAACTTTGGATTTTATTGCTGAGCGTTTGAAAGGTGTCAAAAAGAAAAAAGGGGTGGAGCTTTTCCACAAAGCCAATAAGGTTAGCGGCCATCAAGCCCTTGACTCAGATATTTTAGAAAAAGGGGGCATAGACAATTTTGGCTTGAAATACGTCAAATTTGGGCGCGCTGATATTAGCGTGGAAAAAATCGTTAAAGAAAACCCTGAAATCATTTTCATTTGGTGGGTAAGCCCGCTTAGCCCTGAAGATGTGTTAAACAACCCCAAGTTTTCCACCATCAAAGCCATTAAAAACAAGCAAGTTTATAAACTCCCCACAATGGATATTGGCGGGCCTAGAGCCCCGCTCATTAGCCTATATATCGCTTTAAAAGCCCACCCTGAAGCCTTTAAGGGCGTGGATATTAATGCGATTGTTAAAGACTATTACGAAGTGGTTTTTGATTTGAATGATGCGGAAATTGAACCCTTTTTATGGCATT
Query_1,PSK4.fas|lcl|134315,94.589,462,25,0,543,1004,32996,32535,0.0,715,1008,40533,minus,1,-1,TGAGCGTTTGAAAAATGTCAAAAAGAAAAAGGGGGTGGAGCTTTTCCATAAAGCCAATAAAATCAGCGGCCATCAAGCCATTAGCTCAGACATTTTAGAAAAAGGGGGCATAGACAATTTTGGCTTGAAATATGTCAAATTTGGGCGTGCTGACATTAGCGTGGAAAAAATCGTTAAAGAAAACCCTGAGATTATCTTTATTTGGTGGATAAGCCCACTCACGCCTGAAGATGTGTTAAACAACCCCAAATTTGCTACCATCAAAGCCATTAAAAACAAGCAGGTTTATAAACTCCCCACAATGGATATTGGCGGGCCTAGAGCCCCACTCATAAGTCTTTTTATCGCTCTAAAAGCCCACCCTGAAGCCTTTAAGGGCGTGGATATTAATGCGATGGTTAAAGACTACTATAAAGTGGTTTTTGATTTGAATGATGCAGAGGTTGAGCCCTTTTTATGGCA,TGAGCGTTTGAAAGATGTCAAAAAGAAAAAAGGGGTGGAGCTTTTCCACAAGGCCAATAAAATCAGCGGTCATCAAGCCATTAGCTCAGACATTTTAGAAAAAGGGGGCATAGACAATTTTGGCTTGAAATACGTCAAATTCGGGCGCGCTGACATTAGCGTGGAAAAAATCGTTAAAGAAAACCCTGAAATCATTTTCATTTGGTGGGTAAGCCCGCTCACGCCTGAAGACGTGTTAAACAACCCCAAATTTGCTACCATCAAAGCCATTAAAAACAAGCAAGTTTATAAACTCCCCACAATGGATATTGGCGGGCCAAGAGCCCCGCTCATTAGCCTTTTTATCGCTTTAAAAGCCCACCCTGAAGCCTTTAAGGGCGTGGATATTAATGCGATAGTCAAAGATTATTATAAAGTGGTTTTTGATTTGAATGATGCAGAGGTTGAGCCCTTTTTATGGCA
Query_1,PSK4.fas|lcl|134315,85.308,422,54,3,11,431,33577,33163,6.98e-120,429,1008,40533,minus,1,-1,CTCGCTTTAAAAAAGCTTTCATTTCTTATTCTTTAGGCGTGCTTGTCGCTTCATTATGGTTGAACGTGTGC-AACGCTTCAGCGCAAGAAGTCAAAGTCAAGGATTATTTCGGGGAGCAAACCATCAAGCTTCCTGTTTCTAAAATAGCCTATATAGGGAGCTATGTAGAAGTGCCTGCCATGCTTAATGTTTGGAATAGGGTTGTAGGCGTTTCGGATTACGCTTTTAAAGACGATATTGTCAAAGCCACTCTCAAAGGCGAAGATCTTAAACGCGTCAAACACATGAGCACTGATCATACAGCCGCGCTAAATGTAGAGCTTTTAAAAAAGCTTAGCCCTGATCTTGTGGTAACCTTTGTGGGCAACCCTAAAGCGGTAGAGCATGCGAAAAAATTTGGTATATCATTTCTTTCTTTTCA,CTCGCTTTAAAAAAGCTTTAATCTCTTATTCTTTAGGGGTTCTTCTTGTTTCATCGTTATTAGGCGTG-GCTAACGCTTCAGCGCAAGAAGTCAAAGTCAAGGATTATTTCGGGGAGCAAACGATAAAGCTTCCTGTTTCTAAAATAATCTACTTGGGCAGCTTTGCAGAAGTGCCTGCCATGTTCCATACTTGGGATAGGGTCGTGGGCATTTCGGATTACGCTTTTAAATCCGATATTGTTAAAGCCACCCTTAAAG------ATCCTAAACGCATTAAATCCATGAGCAGCGATCATGTGGCGGCGTTGAATGTGGAGCTTTTAAAAAAGCTTAGCCCTGATCTTGTGGTAACCTTTGTGGGCAACCCTAAAGCGGTAGAGCATGCGAAAAAATTTGGTATATCATTCCTTTCTTTCCA
Query_1,PSO1.fas|133857,84.635,397,53,3,11,406,390,1,1.18e-107,388,1008,79313,minus,1,-1,CTCGCTTTAAAAAAGCTTTCATTTCTTATTCTTTAGGCGTGCTTGTCGCTTCATTATGGTTGAACGTGTGC-AACGCTTCAGCGCAAGAAGTCAAAGTCAAGGATTATTTCGGGGAGCAAACCATCAAGCTTCCTGTTTCTAAAATAGCCTATATAGGGAGCTATGTAGAAGTGCCTGCCATGCTTAATGTTTGGAATAGGGTTGTAGGCGTTTCGGATTACGCTTTTAAAGACGATATTGTCAAAGCCACTCTCAAAGGCGAAGATCTTAAACGCGTCAAACACATGAGCACTGATCATACAGCCGCGCTAAATGTAGAGCTTTTAAAAAAGCTTAGCCCTGATCTTGTGGTAACCTTTGTGGGCAACCCTAAAGCGGTAGAGCATGCGAAAAAAT,CTCGCTTTAAAAAATCTTTAATCTCTTATTCTTTAGGCGCGCTCATTGTTTCATCTTTATTGGGCGTG-GCTAACGCTTCTAATCAAGAAGTCAAAGTCAAGGATTATTTTGGGGAGCAAACCATAAAGCTTCCTGTTTCTAAAATAATCTACTTGGGTAGCTTTGCAGAAGTGCCTGCTATGTTTAATACTTGGGATAGGGTTGTAGGCATTTCGGATTACGCTTTTAAATCTGATATTGTTAAAGCCACTCTCAAAG------ATCCTAAACGCATTAAATCCATGAGCAGTGATCATGTGGCAGCGTTGAATGTGGAGCTTTTAAAAAAACTTAGCCCCGATCTTGTGGTAACCTTTGTGGGCAACCCTAAAGCGGTAGAGCATGCGAAAAAAT
